meeting_key,meeting_name,location,country_code,country_name,country_flag,circuit_key,circuit_short_name,circuit_type,circuit_image,date_start,date_end,year,is_cancelled
1254,Australian Grand Prix,Melbourne,AUS,Australia,https://media.formula1.com/content/dam/fom-website/2018-redesign-assets/Flags%2016x9/australia-flag.png,10,Melbourne,Temporary - Street,https://media.formula1.com/content/dam/fom-website/2018-redesign-assets/Track%20icons%204x3/Australia%20carbon.png,2025-03-14 01:30:00+00:00,2025-03-16 06:00:00+00:00,2025,False
1255,Chinese Grand Prix,Shanghai,CHN,China,https://media.formula1.com/content/dam/fom-website/2018-redesign-assets/Flags%2016x9/china-flag.png,49,Shanghai,Permanent,https://media.formula1.com/content/dam/fom-website/2018-redesign-assets/Track%20icons%204x3/China%20carbon.png,2025-03-21 03:30:00+00:00,2025-03-23 09:00:00+00:00,2025,False
1256,Japanese Grand Prix,Suzuka,JPN,Japan,https://media.formula1.com/content/dam/fom-website/2018-redesign-assets/Flags%2016x9/japan-flag.png,46,Suzuka,Permanent,https://media.formula1.com/content/dam/fom-website/2018-redesign-assets/Track%20icons%204x3/Japan%20carbon.png,2025-04-04 02:30:00+00:00,2025-04-06 07:00:00+00:00,2025,False
1257,Bahrain Grand Prix,Sakhir,BRN,Bahrain,https://media.formula1.com/content/dam/fom-website/2018-redesign-assets/Flags%2016x9/bahrain-flag.png,63,Sakhir,Permanent,https://media.formula1.com/content/dam/fom-website/2018-redesign-assets/Track%20icons%204x3/Bahrain%20carbon.png,2025-04-11 11:30:00+00:00,2025-04-13 17:00:00+00:00,2025,False
1258,Saudi Arabian Grand Prix,Jeddah,KSA,Saudi Arabia,https://media.formula1.com/content/dam/fom-website/2018-redesign-assets/Flags%2016x9/saudi-arabia-flag.png,149,Jeddah,Temporary - Street,https://media.formula1.com/content/dam/fom-website/2018-redesign-assets/Track%20icons%204x3/Saudi Arabia%20carbon.png,2025-04-18 13:30:00+00:00,2025-04-20 19:00:00+00:00,2025,False
1259,Miami Grand Prix,Miami Gardens,USA,United States,https://media.formula1.com/content/dam/fom-website/2018-redesign-assets/Flags%2016x9/united-states-flag.png,151,Miami,Temporary - Street,https://media.formula1.com/content/dam/fom-website/2018-redesign-assets/Track%20icons%204x3/Miami%20carbon.png,2025-05-02 16:30:00+00:00,2025-05-04 22:00:00+00:00,2025,False
1260,Emilia Romagna Grand Prix,Imola,ITA,Italy,https://media.formula1.com/content/dam/fom-website/2018-redesign-assets/Flags%2016x9/italy-flag.png,6,Imola,Permanent,https://media.formula1.com/content/dam/fom-website/2018-redesign-assets/Track%20icons%204x3/Emilia-Romagna%20carbon.png,2025-05-16 11:30:00+00:00,2025-05-18 15:00:00+00:00,2025,False
1261,Monaco Grand Prix,Monaco,MON,Monaco,https://media.formula1.com/content/dam/fom-website/2018-redesign-assets/Flags%2016x9/monaco-flag.png,22,Monte Carlo,Temporary - Street,https://media.formula1.com/content/dam/fom-website/2018-redesign-assets/Track%20icons%204x3/Monaco%20carbon.png,2025-05-23 11:30:00+00:00,2025-05-25 15:00:00+00:00,2025,False
1262,Spanish Grand Prix,Barcelona,ESP,Spain,https://media.formula1.com/content/dam/fom-website/2018-redesign-assets/Flags%2016x9/spain-flag.png,15,Catalunya,Permanent,https://media.formula1.com/content/dam/fom-website/2018-redesign-assets/Track%20icons%204x3/Spain%20carbon.png,2025-05-30 11:30:00+00:00,2025-06-01 15:00:00+00:00,2025,False
1263,Canadian Grand Prix,Montréal,CAN,Canada,https://media.formula1.com/content/dam/fom-website/2018-redesign-assets/Flags%2016x9/canada-flag.png,23,Montreal,Permanent,https://media.formula1.com/content/dam/fom-website/2018-redesign-assets/Track%20icons%204x3/Canada%20carbon.png,2025-06-13 17:30:00+00:00,2025-06-15 20:00:00+00:00,2025,False
1264,Austrian Grand Prix,Spielberg,AUT,Austria,https://media.formula1.com/content/dam/fom-website/2018-redesign-assets/Flags%2016x9/austria-flag.png,19,Spielberg,Permanent,https://media.formula1.com/content/dam/fom-website/2018-redesign-assets/Track%20icons%204x3/Austria%20carbon.png,2025-06-27 11:30:00+00:00,2025-06-29 15:00:00+00:00,2025,False
1277,British Grand Prix,Silverstone,GBR,United Kingdom,https://media.formula1.com/content/dam/fom-website/2018-redesign-assets/Flags%2016x9/united-kingdom-flag.png,2,Silverstone,Permanent,https://media.formula1.com/content/dam/fom-website/2018-redesign-assets/Track%20icons%204x3/Great Britain%20carbon.png,2025-07-04 11:30:00+00:00,2025-07-06 16:00:00+00:00,2025,False
1265,Belgian Grand Prix,Spa-Francorchamps,BEL,Belgium,https://media.formula1.com/content/dam/fom-website/2018-redesign-assets/Flags%2016x9/belgium-flag.png,7,Spa-Francorchamps,Temporary - Road,https://media.formula1.com/content/dam/fom-website/2018-redesign-assets/Track%20icons%204x3/Belgium%20carbon.png,2025-07-25 10:30:00+00:00,2025-07-27 15:00:00+00:00,2025,False
1266,Hungarian Grand Prix,Budapest,HUN,Hungary,https://media.formula1.com/content/dam/fom-website/2018-redesign-assets/Flags%2016x9/hungary-flag.png,4,Hungaroring,Permanent,https://media.formula1.com/content/dam/fom-website/2018-redesign-assets/Track%20icons%204x3/Hungary%20carbon.png,2025-08-01 11:30:00+00:00,2025-08-03 15:00:00+00:00,2025,False
1267,Dutch Grand Prix,Zandvoort,NED,Netherlands,https://media.formula1.com/content/dam/fom-website/2018-redesign-assets/Flags%2016x9/netherlands-flag.png,55,Zandvoort,Permanent,https://media.formula1.com/content/dam/fom-website/2018-redesign-assets/Track%20icons%204x3/Netherlands%20carbon.png,2025-08-29 10:30:00+00:00,2025-08-31 15:00:00+00:00,2025,False
1268,Italian Grand Prix,Monza,ITA,Italy,https://media.formula1.com/content/dam/fom-website/2018-redesign-assets/Flags%2016x9/italy-flag.png,39,Monza,Permanent,https://media.formula1.com/content/dam/fom-website/2018-redesign-assets/Track%20icons%204x3/Italy%20carbon.png,2025-09-05 11:30:00+00:00,2025-09-07 15:00:00+00:00,2025,False
1269,Azerbaijan Grand Prix,Baku,AZE,Azerbaijan,https://media.formula1.com/content/dam/fom-website/2018-redesign-assets/Flags%2016x9/azerbaijan-flag.png,144,Baku,Temporary - Street,https://media.formula1.com/content/dam/fom-website/2018-redesign-assets/Track%20icons%204x3/Azerbaijan%20carbon.png,2025-09-19 08:30:00+00:00,2025-09-21 13:00:00+00:00,2025,False
1270,Singapore Grand Prix,Marina Bay,SGP,Singapore,https://media.formula1.com/content/dam/fom-website/2018-redesign-assets/Flags%2016x9/singapore-flag.png,61,Singapore,Temporary - Street,https://media.formula1.com/content/dam/fom-website/2018-redesign-assets/Track%20icons%204x3/Singapore%20carbon.png,2025-10-03 09:30:00+00:00,2025-10-05 14:00:00+00:00,2025,False
1271,United States Grand Prix,Austin,USA,United States,https://media.formula1.com/content/dam/fom-website/2018-redesign-assets/Flags%2016x9/united-states-flag.png,9,Austin,Permanent,https://media.formula1.com/content/dam/fom-website/2018-redesign-assets/Track%20icons%204x3/United States%20carbon.png,2025-10-17 17:30:00+00:00,2025-10-19 21:00:00+00:00,2025,False
1272,Mexico City Grand Prix,Mexico City,MEX,Mexico,https://media.formula1.com/content/dam/fom-website/2018-redesign-assets/Flags%2016x9/mexico-flag.png,65,Mexico City,Permanent,https://media.formula1.com/content/dam/fom-website/2018-redesign-assets/Track%20icons%204x3/Mexico%20carbon.png,2025-10-24 18:30:00+00:00,2025-10-26 22:00:00+00:00,2025,False
1273,São Paulo Grand Prix,São Paulo,BRA,Brazil,https://media.formula1.com/content/dam/fom-website/2018-redesign-assets/Flags%2016x9/brazil-flag.png,14,Interlagos,Permanent,https://media.formula1.com/content/dam/fom-website/2018-redesign-assets/Track%20icons%204x3/Brazil%20carbon.png,2025-11-07 14:30:00+00:00,2025-11-09 19:00:00+00:00,2025,False
1274,Las Vegas Grand Prix,Las Vegas,USA,United States,https://media.formula1.com/content/dam/fom-website/2018-redesign-assets/Flags%2016x9/united-states-flag.png,152,Las Vegas,Temporary - Street,https://media.formula1.com/content/dam/fom-website/2018-redesign-assets/Track%20icons%204x3/Las Vegas%20carbon.png,2025-11-21 00:30:00+00:00,2025-11-23 06:00:00+00:00,2025,False
1275,Qatar Grand Prix,Lusail,QAT,Qatar,https://media.formula1.com/content/dam/fom-website/2018-redesign-assets/Flags%2016x9/qatar-flag.png,150,Lusail,Permanent,https://media.formula1.com/content/dam/fom-website/2018-redesign-assets/Track%20icons%204x3/Qatar%20carbon.png,2025-11-28 13:30:00+00:00,2025-11-30 18:00:00+00:00,2025,False
1276,Abu Dhabi Grand Prix,Yas Island,UAE,United Arab Emirates,https://media.formula1.com/content/dam/fom-website/2018-redesign-assets/Flags%2016x9/united-arab-emirates-flag.png,70,Yas Marina Circuit,Permanent,https://media.formula1.com/content/dam/fom-website/2018-redesign-assets/Track%20icons%204x3/Abu Dhabi%20carbon.png,2025-12-05 09:30:00+00:00,2025-12-07 15:00:00+00:00,2025,False
