meeting_key,session_key,driver_number,lap_number,date,lane_duration,stop_duration
1254,9693,4,2,2025-03-16 04:23:12.761000+00:00,13.3,
1254,9693,1,2,2025-03-16 04:23:14.282000+00:00,13.4,
1254,9693,81,2,2025-03-16 04:23:15.787000+00:00,13.0,
1254,9693,63,2,2025-03-16 04:23:18.291000+00:00,13.6,
1254,9693,16,2,2025-03-16 04:23:21.181000+00:00,14.1,
1254,9693,22,2,2025-03-16 04:23:24.246000+00:00,14.9,
1254,9693,23,2,2025-03-16 04:23:26.497000+00:00,15.0,
1254,9693,44,2,2025-03-16 04:23:28.680000+00:00,15.0,
1254,9693,10,2,2025-03-16 04:23:31.233000+00:00,15.1,
1254,9693,14,2,2025-03-16 04:23:33.032000+00:00,15.5,
1254,9693,18,2,2025-03-16 04:23:35.723000+00:00,15.5,
1254,9693,27,2,2025-03-16 04:23:37.404000+00:00,15.1,
1254,9693,12,2,2025-03-16 04:23:38.906000+00:00,14.6,
1254,9693,5,2,2025-03-16 04:23:40.336000+00:00,14.4,
1254,9693,31,2,2025-03-16 04:23:42.208000+00:00,14.3,
1254,9693,30,2,2025-03-16 04:23:44.866000+00:00,14.7,
1254,9693,87,2,2025-03-16 04:23:45.808000+00:00,14.6,
1254,9693,4,3,2025-03-16 04:25:54.261000+00:00,12.9,
1254,9693,1,3,2025-03-16 04:25:56.710000+00:00,13.7,
1254,9693,81,3,2025-03-16 04:25:58.250000+00:00,13.8,
1254,9693,63,3,2025-03-16 04:26:00.588000+00:00,14.1,
1254,9693,16,3,2025-03-16 04:26:03.317000+00:00,14.6,
1254,9693,22,3,2025-03-16 04:26:07.237000+00:00,15.2,
1254,9693,23,3,2025-03-16 04:26:11.014000+00:00,16.9,
1254,9693,44,3,2025-03-16 04:26:12.947000+00:00,16.1,
1254,9693,10,3,2025-03-16 04:26:14.535000+00:00,15.7,
1254,9693,14,3,2025-03-16 04:26:16.239000+00:00,16.2,
1254,9693,18,3,2025-03-16 04:26:18.773000+00:00,16.0,
1254,9693,27,3,2025-03-16 04:26:20.410000+00:00,15.9,
1254,9693,12,3,2025-03-16 04:26:22.648000+00:00,16.3,
1254,9693,5,3,2025-03-16 04:26:24.517000+00:00,16.3,
1254,9693,31,3,2025-03-16 04:26:26.647000+00:00,16.4,
1254,9693,30,3,2025-03-16 04:26:29.150000+00:00,16.3,
1254,9693,87,3,2025-03-16 04:26:30.064000+00:00,16.3,
1254,9693,4,4,2025-03-16 04:28:30.190000+00:00,12.8,
1254,9693,1,4,2025-03-16 04:28:32.243000+00:00,12.9,
1254,9693,81,4,2025-03-16 04:28:33.914000+00:00,12.8,
1254,9693,63,4,2025-03-16 04:28:37.172000+00:00,13.6,
1254,9693,16,4,2025-03-16 04:28:39.089000+00:00,14.1,
1254,9693,22,4,2025-03-16 04:28:42.407000+00:00,13.6,
1254,9693,23,4,2025-03-16 04:28:44.788000+00:00,14.2,
1254,9693,44,4,2025-03-16 04:28:47.101000+00:00,14.7,
1254,9693,10,4,2025-03-16 04:28:49.811000+00:00,14.7,
1254,9693,14,4,2025-03-16 04:28:51.748000+00:00,15.0,
1254,9693,18,4,2025-03-16 04:28:54.348000+00:00,14.4,
1254,9693,27,4,2025-03-16 04:28:56.162000+00:00,14.1,
1254,9693,12,4,2025-03-16 04:28:57.988000+00:00,13.9,
1254,9693,5,4,2025-03-16 04:29:00.339000+00:00,14.2,
1254,9693,31,4,2025-03-16 04:29:08.858000+00:00,19.649,2.5
1254,9693,30,4,2025-03-16 04:29:09.440000+00:00,18.88,2.5
1254,9693,87,4,2025-03-16 04:29:15.713000+00:00,22.494,2.4
1254,9693,22,33,2025-03-16 05:15:54.883000+00:00,18.997,2.6
1254,9693,23,33,2025-03-16 05:15:55.546000+00:00,18.573,2.7
1254,9693,44,33,2025-03-16 05:15:57.301000+00:00,18.526,2.4
1254,9693,10,33,2025-03-16 05:16:00.331000+00:00,19.589,3.6
1254,9693,12,33,2025-03-16 05:16:04.800000+00:00,18.912,2.7
1254,9693,18,33,2025-03-16 05:16:26.408000+00:00,18.802,2.8
1254,9693,27,33,2025-03-16 05:16:36.934000+00:00,21.123,5.1
1254,9693,4,34,2025-03-16 05:16:41.267000+00:00,18.464,2.7
1254,9693,5,33,2025-03-16 05:16:45.940000+00:00,24.073,5.6
1254,9693,81,34,2025-03-16 05:16:49.493000+00:00,19.719,3.8
1254,9693,30,33,2025-03-16 05:16:53.230000+00:00,20.067,2.9
1254,9693,1,34,2025-03-16 05:17:05.874000+00:00,18.7,2.7
1254,9693,63,34,2025-03-16 05:17:27.880000+00:00,19.125,2.6
1254,9693,16,34,2025-03-16 05:17:35.896000+00:00,18.154,2.3
1254,9693,31,39,2025-03-16 05:30:19.227000+00:00,18.778,2.8
1254,9693,87,39,2025-03-16 05:30:28.080000+00:00,22.441,4.9
1254,9693,4,44,2025-03-16 05:37:14.711000+00:00,18.031,3.1
1254,9693,63,44,2025-03-16 05:37:22.212000+00:00,19.378,2.7
1254,9693,23,44,2025-03-16 05:37:23.180000+00:00,18.952,3.5
1254,9693,18,44,2025-03-16 05:37:26.634000+00:00,18.901,2.8
1254,9693,12,44,2025-03-16 05:37:28.705000+00:00,21.946,3.0
1254,9693,27,44,2025-03-16 05:37:29.199000+00:00,20.209,4.0
1254,9693,5,44,2025-03-16 05:37:44.745000+00:00,26.214,9.3
1254,9693,81,44,2025-03-16 05:38:42.285000+00:00,19.85,4.1
1254,9693,87,44,2025-03-16 05:38:52.612000+00:00,19.37,2.8
1254,9693,1,46,2025-03-16 05:40:24.422000+00:00,18.721,2.5
1254,9693,10,46,2025-03-16 05:40:37.586000+00:00,19.482,3.3
1254,9693,31,46,2025-03-16 05:41:57.402000+00:00,19.858,2.6
1254,9693,44,47,2025-03-16 05:42:48.260000+00:00,20.802,2.4
1254,9693,16,47,2025-03-16 05:42:54.048000+00:00,24.528,3.2
1254,9693,22,47,2025-03-16 05:42:55.649000+00:00,19.312,2.4
1255,9998,5,1,2025-03-23 07:06:04.340000+00:00,23.385,3.3
1255,9998,10,10,2025-03-23 07:20:44.723000+00:00,23.138,3.1
1255,9998,22,11,2025-03-23 07:22:19.754000+00:00,22.519,2.1
1255,9998,31,11,2025-03-23 07:22:21.968000+00:00,23.114,2.8
1255,9998,7,11,2025-03-23 07:22:27.138000+00:00,22.793,2.7
1255,9998,12,12,2025-03-23 07:23:56.527000+00:00,22.675,2.7
1255,9998,6,12,2025-03-23 07:23:59.507000+00:00,22.896,3.0
1255,9998,44,13,2025-03-23 07:25:26.243000+00:00,22.388,2.4
1255,9998,1,13,2025-03-23 07:25:31.444000+00:00,22.454,2.2
1255,9998,81,14,2025-03-23 07:26:57.345000+00:00,23.938,3.8
1255,9998,63,14,2025-03-23 07:27:01.311000+00:00,22.324,2.4
1255,9998,4,15,2025-03-23 07:28:37.122000+00:00,22.213,2.2
1255,9998,16,15,2025-03-23 07:28:42.400000+00:00,22.1,
1255,9998,55,17,2025-03-23 07:32:20.876000+00:00,22.721,2.7
1255,9998,30,18,2025-03-23 07:34:04.511000+00:00,22.536,2.5
1255,9998,23,20,2025-03-23 07:37:11.948000+00:00,23.362,3.3
1255,9998,27,20,2025-03-23 07:37:39.728000+00:00,22.959,2.7
1255,9998,87,26,2025-03-23 07:47:11.720000+00:00,22.808,2.9
1255,9998,5,26,2025-03-23 07:47:46.464000+00:00,22.79,2.6
1255,9998,30,30,2025-03-23 07:54:02.377000+00:00,22.355,2.5
1255,9998,6,33,2025-03-23 07:58:46.021000+00:00,22.234,2.5
1255,9998,22,35,2025-03-23 08:01:56.370000+00:00,22.583,2.3
1255,9998,18,36,2025-03-23 08:03:32.324000+00:00,22.995,3.2
1255,9998,44,37,2025-03-23 08:04:48.706000+00:00,22.364,2.3
1255,9998,22,46,2025-03-23 08:20:25.204000+00:00,38.102,17.6
1256,10006,18,9,2025-04-06 05:18:42.712000+00:00,23.724,2.6
1256,10006,7,15,2025-04-06 05:28:10.894000+00:00,23.382,2.5
1256,10006,63,19,2025-04-06 05:33:59.151000+00:00,23.184,2.3
1256,10006,81,20,2025-04-06 05:35:38.006000+00:00,23.037,2.1
1256,10006,1,21,2025-04-06 05:36:57.801000+00:00,24.397,3.3
1256,10006,4,21,2025-04-06 05:36:57.957000+00:00,23.222,2.3
1256,10006,16,21,2025-04-06 05:37:04.066000+00:00,23.346,2.4
1256,10006,27,22,2025-04-06 05:39:09.192000+00:00,23.515,2.6
1256,10006,87,23,2025-04-06 05:40:33.084000+00:00,24.834,3.9
1256,10006,22,23,2025-04-06 05:40:38.849000+00:00,24.181,2.9
1256,10006,23,24,2025-04-06 05:41:59.678000+00:00,23.093,2.6
1256,10006,14,24,2025-04-06 05:42:11.438000+00:00,25.708,4.7
1256,10006,10,24,2025-04-06 05:42:14.929000+00:00,26.041,4.8
1256,10006,6,25,2025-04-06 05:43:29.773000+00:00,23.333,2.4
1256,10006,44,30,2025-04-06 05:51:11.930000+00:00,22.937,2.2
1256,10006,18,30,2025-04-06 05:52:06.619000+00:00,23.608,2.7
1256,10006,12,31,2025-04-06 05:52:41.258000+00:00,24.38,3.1
1256,10006,5,31,2025-04-06 05:53:22.493000+00:00,23.419,2.6
1256,10006,31,32,2025-04-06 05:54:54.863000+00:00,24.464,3.5
1256,10006,30,33,2025-04-06 05:56:25.345000+00:00,23.662,2.9
1256,10006,55,33,2025-04-06 05:56:27.204000+00:00,23.337,2.6
1257,10014,27,5,2025-04-13 15:12:43.873000+00:00,24.2,
1257,10014,6,6,2025-04-13 15:14:22.192000+00:00,25.265,3.5
1257,10014,31,8,2025-04-13 15:17:35.761000+00:00,24.876,2.6
1257,10014,7,9,2025-04-13 15:19:15.767000+00:00,24.791,2.8
1257,10014,4,10,2025-04-13 15:20:47.938000+00:00,29.822,7.7
1257,10014,10,10,2025-04-13 15:20:49.907000+00:00,25.033,2.8
1257,10014,1,10,2025-04-13 15:20:52.266000+00:00,26.518,4.7
1257,10014,22,11,2025-04-13 15:22:35.432000+00:00,26.493,4.2
1257,10014,12,12,2025-04-13 15:24:07.047000+00:00,24.807,2.5
1257,10014,18,12,2025-04-13 15:24:25.037000+00:00,24.611,2.4
1257,10014,63,13,2025-04-13 15:25:38.508000+00:00,24.044,2.2
1257,10014,5,13,2025-04-13 15:26:07.068000+00:00,24.143,2.2
1257,10014,81,14,2025-04-13 15:27:13.344000+00:00,24.498,2.3
1257,10014,55,14,2025-04-13 15:27:36.042000+00:00,24.6,2.9
1257,10014,87,14,2025-04-13 15:27:38.565000+00:00,24.562,2.9
1257,10014,30,14,2025-04-13 15:27:44.924000+00:00,25.242,3.1
1257,10014,23,16,2025-04-13 15:30:58.785000+00:00,25.394,3.6
1257,10014,14,16,2025-04-13 15:31:03.591000+00:00,24.826,2.7
1257,10014,16,17,2025-04-13 15:32:17.130000+00:00,24.802,2.6
1257,10014,44,17,2025-04-13 15:32:26.694000+00:00,24.34,2.3
1257,10014,1,26,2025-04-13 15:47:39.342000+00:00,28.067,6.2
1257,10014,31,27,2025-04-13 15:49:11.397000+00:00,24.832,2.7
1257,10014,12,27,2025-04-13 15:49:11.833000+00:00,24.506,2.8
1257,10014,27,27,2025-04-13 15:49:32.563000+00:00,24.2,
1257,10014,10,28,2025-04-13 15:50:43.738000+00:00,24.958,2.8
1257,10014,7,28,2025-04-13 15:50:56.202000+00:00,25.093,3.1
1257,10014,6,28,2025-04-13 15:51:07.542000+00:00,24.64,2.9
1257,10014,81,32,2025-04-13 15:57:04.064000+00:00,24.9,2.9
1257,10014,63,32,2025-04-13 15:57:12.763000+00:00,24.1,2.4
1257,10014,16,32,2025-04-13 15:57:14.330000+00:00,24.241,2.4
1257,10014,4,32,2025-04-13 15:57:16.814000+00:00,24.035,2.3
1257,10014,44,32,2025-04-13 15:57:30.119000+00:00,24.35,2.1
1257,10014,55,32,2025-04-13 15:57:56.692000+00:00,24.315,2.6
1257,10014,22,32,2025-04-13 15:57:58.398000+00:00,24.771,2.4
1257,10014,87,32,2025-04-13 15:58:03.317000+00:00,24.895,3.5
1257,10014,23,32,2025-04-13 15:58:03.712000+00:00,25.99,2.6
1257,10014,12,32,2025-04-13 15:58:06.819000+00:00,24.693,2.9
1257,10014,14,32,2025-04-13 15:58:10.059000+00:00,24.846,2.6
1257,10014,30,32,2025-04-13 15:58:20.848000+00:00,24.191,2.3
1257,10014,18,32,2025-04-13 15:58:22.181000+00:00,24.592,2.8
1257,10014,5,32,2025-04-13 15:58:30.418000+00:00,25.396,3.3
1257,10014,55,44,2025-04-13 16:19:49.065000+00:00,37.116,15.1
1258,10022,7,1,2025-04-20 17:06:43.644000+00:00,20.571,2.5
1258,10022,31,1,2025-04-20 17:06:45.644000+00:00,21.512,3.1
1258,10022,5,1,2025-04-20 17:06:46.504000+00:00,21.854,3.4
1258,10022,87,18,2025-04-20 17:36:05.973000+00:00,22.095,4.2
1258,10022,81,19,2025-04-20 17:37:06.014000+00:00,21.388,3.4
1258,10022,12,19,2025-04-20 17:37:20.145000+00:00,20.399,2.3
1258,10022,14,19,2025-04-20 17:37:38.585000+00:00,21.891,3.9
1258,10022,63,20,2025-04-20 17:38:45.260000+00:00,20.329,2.4
1258,10022,30,20,2025-04-20 17:39:10.227000+00:00,20.534,2.5
1258,10022,1,21,2025-04-20 17:40:15.987000+00:00,26.03,8.3
1258,10022,55,21,2025-04-20 17:40:41.796000+00:00,24.148,6.4
1258,10022,23,22,2025-04-20 17:42:19.024000+00:00,22.135,5.0
1258,10022,44,23,2025-04-20 17:43:43.458000+00:00,20.144,2.1
1258,10022,16,29,2025-04-20 17:52:49.740000+00:00,20.131,2.0
1258,10022,7,32,2025-04-20 17:58:38.095000+00:00,21.521,3.6
1258,10022,27,33,2025-04-20 18:00:03.353000+00:00,20.441,2.3
1258,10022,4,34,2025-04-20 18:00:38.881000+00:00,20.427,2.6
1258,10022,6,34,2025-04-20 18:01:14.102000+00:00,20.827,3.1
1258,10022,18,39,2025-04-20 18:09:33.789000+00:00,20.487,2.5
1259,10033,5,19,2025-05-04 20:34:44.021000+00:00,22.188,2.2
1259,10033,18,20,2025-05-04 20:36:21.748000+00:00,22.317,2.5
1259,10033,6,22,2025-05-04 20:39:20.295000+00:00,22.115,2.3
1259,10033,31,23,2025-05-04 20:40:53.467000+00:00,23.162,3.0
1259,10033,12,25,2025-05-04 20:43:43.128000+00:00,24.383,4.4
1259,10033,55,25,2025-05-04 20:43:47.326000+00:00,22.415,2.9
1259,10033,1,26,2025-05-04 20:45:11.303000+00:00,22.501,2.7
1259,10033,23,26,2025-05-04 20:45:15.024000+00:00,21.906,2.5
1259,10033,22,27,2025-05-04 20:46:56.575000+00:00,22.56,2.3
1259,10033,44,28,2025-05-04 20:48:37.887000+00:00,23.104,3.4
1259,10033,14,28,2025-05-04 20:49:02.324000+00:00,23.602,3.6
1259,10033,30,28,2025-05-04 20:49:36.837000+00:00,22.439,2.5
1259,10033,81,29,2025-05-04 20:49:50.673000+00:00,22.106,2.2
1259,10033,4,29,2025-05-04 20:50:02.131000+00:00,22.044,2.3
1259,10033,63,29,2025-05-04 20:50:24.094000+00:00,24.257,4.5
1259,10033,16,29,2025-05-04 20:50:32.175000+00:00,22.183,2.3
1259,10033,10,32,2025-05-04 20:55:38.007000+00:00,22.06,2.3
1259,10033,27,36,2025-05-04 21:02:11.272000+00:00,22.108,2.5
1260,9987,31,1,2025-05-18 13:05:35.954000+00:00,30.506,2.6
1260,9987,10,9,2025-05-18 13:16:32.985000+00:00,31.488,3.7
1260,9987,16,10,2025-05-18 13:17:48.791000+00:00,29.634,2.0
1260,9987,30,10,2025-05-18 13:17:54.304000+00:00,29.695,2.2
1260,9987,63,11,2025-05-18 13:19:09.863000+00:00,29.784,2.4
1260,9987,55,11,2025-05-18 13:19:11.457000+00:00,30.08,3.4
1260,9987,14,12,2025-05-18 13:20:32.826000+00:00,30.163,2.6
1260,9987,5,12,2025-05-18 13:20:40.339000+00:00,30.906,3.4
1260,9987,81,13,2025-05-18 13:21:45.574000+00:00,30.973,3.6
1260,9987,18,14,2025-05-18 13:23:21.071000+00:00,31.218,3.6
1260,9987,43,22,2025-05-18 13:34:31.375000+00:00,30.317,2.8
1260,9987,4,28,2025-05-18 13:42:09.669000+00:00,29.513,2.1
1260,9987,1,29,2025-05-18 13:43:28.454000+00:00,29.991,2.3
1260,9987,23,29,2025-05-18 13:44:04.660000+00:00,30.471,2.9
1260,9987,6,29,2025-05-18 13:44:16.270000+00:00,30.123,2.5
1260,9987,12,29,2025-05-18 13:44:16.613000+00:00,30.051,2.5
1260,9987,44,29,2025-05-18 13:44:16.991000+00:00,29.949,2.3
1260,9987,16,29,2025-05-18 13:44:24.145000+00:00,31.898,2.8
1260,9987,27,29,2025-05-18 13:44:27.364000+00:00,30.184,2.6
1260,9987,63,29,2025-05-18 13:44:30.255000+00:00,30.754,2.7
1260,9987,87,29,2025-05-18 13:44:30.614000+00:00,31.414,2.9
1260,9987,22,29,2025-05-18 13:44:36.052000+00:00,29.807,2.2
1260,9987,55,29,2025-05-18 13:44:37.333000+00:00,30.635,3.0
1260,9987,10,29,2025-05-18 13:44:52.195000+00:00,32.003,3.2
1260,9987,30,29,2025-05-18 13:44:53.898000+00:00,30.291,2.3
1260,9987,5,29,2025-05-18 13:44:56.898000+00:00,30.605,3.1
1260,9987,81,30,2025-05-18 13:46:06.139000+00:00,30.609,3.3
1260,9987,87,31,2025-05-18 13:48:38.350000+00:00,56.757,29.0
1260,9987,1,46,2025-05-18 14:07:31.467000+00:00,29.657,2.1
1260,9987,4,46,2025-05-18 14:08:00.101000+00:00,31.675,4.4
1260,9987,44,46,2025-05-18 14:08:32.132000+00:00,29.95,2.1
1260,9987,6,46,2025-05-18 14:08:41.836000+00:00,30.096,2.6
1260,9987,14,46,2025-05-18 14:09:17.721000+00:00,30.886,3.1
1260,9987,18,46,2025-05-18 14:09:24.776000+00:00,34.496,4.1
1260,9987,43,46,2025-05-18 14:09:28.081000+00:00,31.107,3.2
1260,9987,5,46,2025-05-18 14:09:30.819000+00:00,29.917,2.3
1260,9987,23,47,2025-05-18 14:10:16.509000+00:00,29.786,2.5
1261,9979,22,1,2025-05-25 13:05:00.714000+00:00,24.525,2.6
1261,9979,10,1,2025-05-25 13:05:02.483000+00:00,24.376,2.4
1261,9979,87,1,2025-05-25 13:05:30.195000+00:00,50.191,28.5
1261,9979,5,1,2025-05-25 13:05:35.820000+00:00,37.243,14.6
1261,9979,27,12,2025-05-25 13:21:04.879000+00:00,24.065,2.4
1261,9979,43,13,2025-05-25 13:22:26.270000+00:00,24.355,2.5
1261,9979,6,14,2025-05-25 13:23:19.864000+00:00,24.311,2.7
1261,9979,14,16,2025-05-25 13:25:54.877000+00:00,25.375,2.6
1261,9979,31,16,2025-05-25 13:26:00.002000+00:00,25.575,3.1
1261,9979,18,17,2025-05-25 13:27:46.469000+00:00,23.978,2.5
1261,9979,87,17,2025-05-25 13:27:48.411000+00:00,24.58,3.2
1261,9979,44,18,2025-05-25 13:28:25.231000+00:00,23.565,2.1
1261,9979,4,19,2025-05-25 13:29:25.731000+00:00,24.545,2.7
1261,9979,6,19,2025-05-25 13:30:02.482000+00:00,24.031,2.5
1261,9979,81,20,2025-05-25 13:30:48.575000+00:00,25.756,3.8
1261,9979,16,22,2025-05-25 13:33:15.011000+00:00,23.576,2.0
1261,9979,5,26,2025-05-25 13:39:33.903000+00:00,24.483,2.7
1261,9979,43,26,2025-05-25 13:39:35.090000+00:00,24.497,2.7
1261,9979,1,28,2025-05-25 13:40:54.216000+00:00,24.114,2.3
1261,9979,31,28,2025-05-25 13:41:44.900000+00:00,24.773,2.8
1261,9979,30,31,2025-05-25 13:45:47.184000+00:00,24.206,2.6
1261,9979,23,32,2025-05-25 13:47:05.165000+00:00,23.927,2.4
1261,9979,5,35,2025-05-25 13:51:32.327000+00:00,24.246,2.4
1261,9979,30,40,2025-05-25 13:57:37.401000+00:00,24.32,2.5
1261,9979,23,40,2025-05-25 13:57:39.323000+00:00,24.19,2.3
1261,9979,27,44,2025-05-25 14:03:16.358000+00:00,24.397,3.0
1261,9979,81,48,2025-05-25 14:06:10.466000+00:00,23.908,2.3
1261,9979,16,49,2025-05-25 14:07:17.044000+00:00,23.678,2.2
1261,9979,55,48,2025-05-25 14:08:10.982000+00:00,24.498,3.1
1261,9979,4,50,2025-05-25 14:08:27.170000+00:00,23.704,2.2
1261,9979,55,53,2025-05-25 14:14:45.772000+00:00,24.049,2.7
1261,9979,63,53,2025-05-25 14:14:47.147000+00:00,19.4,
1261,9979,44,56,2025-05-25 14:16:41.123000+00:00,24.256,2.5
1261,9979,63,62,2025-05-25 14:26:38.027000+00:00,25.063,3.7
1261,9979,18,64,2025-05-25 14:29:40.406000+00:00,25.916,4.2
1261,9979,63,68,2025-05-25 14:34:22.421000+00:00,24.025,2.5
1261,9979,12,69,2025-05-25 14:36:00.507000+00:00,24.457,2.4
1261,9979,12,71,2025-05-25 14:38:51.533000+00:00,24.837,2.3
1261,9979,22,73,2025-05-25 14:41:05.576000+00:00,24.086,2.4
1261,9979,1,77,2025-05-25 14:42:47.010000+00:00,23.95,2.2
1262,9971,23,6,2025-06-01 13:12:13.654000+00:00,30.823,11.4
1262,9971,87,8,2025-06-01 13:14:49.875000+00:00,22.009,2.6
1262,9971,22,8,2025-06-01 13:19:35.821000+00:00,21.868,2.3
1262,9971,27,9,2025-06-01 13:16:07.039000+00:00,22.233,2.7
1262,9971,55,9,2025-06-01 13:16:24.654000+00:00,30.547,10.8
1262,9971,10,10,2025-06-01 13:17:27.032000+00:00,22.224,2.4
1262,9971,1,13,2025-06-01 13:21:17.088000+00:00,21.869,2.5
1262,9971,43,14,2025-06-01 13:23:12.878000+00:00,22.491,2.8
1262,9971,14,15,2025-06-01 13:24:35.450000+00:00,22.782,3.1
1262,9971,44,16,2025-06-01 13:25:31.587000+00:00,21.957,2.2
1262,9971,16,17,2025-06-01 13:26:50.882000+00:00,21.863,2.1
1262,9971,30,18,2025-06-01 13:28:34.699000+00:00,22.039,2.5
1262,9971,6,19,2025-06-01 13:29:48.856000+00:00,21.769,2.5
1262,9971,5,19,2025-06-01 13:30:07.914000+00:00,22.041,2.1
1262,9971,63,20,2025-06-01 13:31:01.089000+00:00,21.739,2.2
1262,9971,31,20,2025-06-01 13:31:32.319000+00:00,22.554,2.8
1262,9971,4,21,2025-06-01 13:32:04.917000+00:00,22.454,3.0
1262,9971,12,21,2025-06-01 13:32:28.543000+00:00,22.234,2.5
1262,9971,81,22,2025-06-01 13:33:20.042000+00:00,21.858,2.2
1262,9971,22,24,2025-06-01 13:37:05.525000+00:00,22.056,2.4
1262,9971,23,26,2025-06-01 13:40:13.803000+00:00,37.674,16.9
1262,9971,1,29,2025-06-01 13:42:59.372000+00:00,21.933,2.3
1262,9971,10,31,2025-06-01 13:46:33.982000+00:00,22.006,2.1
1262,9971,55,34,2025-06-01 13:50:52.991000+00:00,22.346,3.0
1262,9971,87,35,2025-06-01 13:52:07.362000+00:00,22.27,2.9
1262,9971,16,40,2025-06-01 13:57:58.470000+00:00,21.893,2.3
1262,9971,43,39,2025-06-01 13:58:06.002000+00:00,22.119,2.4
1262,9971,63,41,2025-06-01 13:59:29.893000+00:00,21.752,2.3
1262,9971,14,42,2025-06-01 14:01:40.017000+00:00,22.242,2.8
1262,9971,31,43,2025-06-01 14:03:11.902000+00:00,22.468,2.7
1262,9971,30,44,2025-06-01 14:04:16.481000+00:00,22.127,2.3
1262,9971,22,44,2025-06-01 14:04:32.386000+00:00,21.822,2.4
1262,9971,27,45,2025-06-01 14:05:29.605000+00:00,21.849,2.5
1262,9971,44,46,2025-06-01 14:06:15.959000+00:00,24.416,4.9
1262,9971,1,47,2025-06-01 14:07:10.374000+00:00,21.802,2.4
1262,9971,4,48,2025-06-01 14:08:26.277000+00:00,21.863,2.3
1262,9971,6,48,2025-06-01 14:09:20.535000+00:00,22.019,2.4
1262,9971,81,49,2025-06-01 14:09:39.403000+00:00,21.838,2.2
1262,9971,12,49,2025-06-01 14:10:32.650000+00:00,23.457,3.8
1262,9971,5,49,2025-06-01 14:11:18.414000+00:00,22.953,3.4
1262,9971,81,55,2025-06-01 14:18:02.898000+00:00,22.748,3.3
1262,9971,4,55,2025-06-01 14:18:08.762000+00:00,23.562,3.9
1262,9971,1,55,2025-06-01 14:18:11.362000+00:00,22.197,2.4
1262,9971,14,54,2025-06-01 14:18:20.041000+00:00,22.216,2.6
1262,9971,87,54,2025-06-01 14:18:23.590000+00:00,22.765,3.4
1262,9971,22,54,2025-06-01 14:18:27.128000+00:00,22.283,2.5
1262,9971,16,55,2025-06-01 14:18:34.491000+00:00,22.383,2.8
1262,9971,63,55,2025-06-01 14:18:39.415000+00:00,23.167,3.5
1262,9971,44,55,2025-06-01 14:18:50.955000+00:00,22.83,2.7
1262,9971,43,54,2025-06-01 14:19:00.832000+00:00,21.874,2.1
1262,9971,6,55,2025-06-01 14:19:35.767000+00:00,21.841,2.5
1262,9971,10,55,2025-06-01 14:20:05.783000+00:00,22.818,3.0
1262,9971,55,55,2025-06-01 14:20:33.319000+00:00,21.984,2.8
1262,9971,27,56,2025-06-01 14:21:28.036000+00:00,21.904,2.7
1263,9963,1,12,2025-06-15 18:18:46.909000+00:00,23.604,2.6
1263,9963,63,13,2025-06-15 18:20:00.568000+00:00,23.231,2.5
1263,9963,6,13,2025-06-15 18:20:28.381000+00:00,24.13,3.1
1263,9963,12,14,2025-06-15 18:21:22.053000+00:00,23.32,2.4
1263,9963,43,14,2025-06-15 18:21:42.506000+00:00,24.735,3.4
1263,9963,44,15,2025-06-15 18:22:45.572000+00:00,23.604,2.3
1263,9963,14,15,2025-06-15 18:22:54.213000+00:00,24.021,3.2
1263,9963,81,16,2025-06-15 18:23:58.495000+00:00,23.245,2.1
1263,9963,87,18,2025-06-15 18:27:00.309000+00:00,23.562,2.8
1263,9963,27,19,2025-06-15 18:28:08.403000+00:00,23.476,2.4
1263,9963,23,23,2025-06-15 18:33:34.193000+00:00,23.898,3.0
1263,9963,18,24,2025-06-15 18:34:50.901000+00:00,23.742,2.6
1263,9963,16,28,2025-06-15 18:39:19.256000+00:00,23.36,2.2
1263,9963,4,29,2025-06-15 18:40:32.682000+00:00,23.223,2.2
1263,9963,1,37,2025-06-15 18:50:44.061000+00:00,23.121,2.2
1263,9963,12,38,2025-06-15 18:52:00.218000+00:00,23.416,2.2
1263,9963,30,38,2025-06-15 18:52:59.709000+00:00,23.28,2.1
1263,9963,63,42,2025-06-15 18:56:57.358000+00:00,24.262,3.3
1263,9963,81,45,2025-06-15 19:00:51.238000+00:00,23.174,2.2
1263,9963,44,45,2025-06-15 19:01:17.519000+00:00,23.338,2.0
1263,9963,4,47,2025-06-15 19:03:25.680000+00:00,23.471,2.4
1263,9963,5,49,2025-06-15 19:07:07.635000+00:00,23.715,2.4
1263,9963,14,50,2025-06-15 19:07:59.919000+00:00,23.409,2.6
1263,9963,18,51,2025-06-15 19:09:55.498000+00:00,34.742,13.3
1263,9963,16,53,2025-06-15 19:11:03.280000+00:00,23.859,2.1
1263,9963,10,53,2025-06-15 19:12:18.953000+00:00,23.987,2.9
1263,9963,22,56,2025-06-15 19:15:57.626000+00:00,25.178,3.7
1263,9963,31,57,2025-06-15 19:17:03.230000+00:00,24.452,3.0
1263,9963,55,57,2025-06-15 19:17:07.152000+00:00,23.269,2.6
1263,9963,14,66,2025-06-15 19:28:33.451000+00:00,18.2,
1263,9963,27,66,2025-06-15 19:28:37.654000+00:00,18.2,
1263,9963,63,67,2025-06-15 19:28:41.123000+00:00,18.2,
1263,9963,1,67,2025-06-15 19:28:43.779000+00:00,18.2,
1263,9963,12,67,2025-06-15 19:28:46.904000+00:00,18.2,
1263,9963,31,66,2025-06-15 19:28:54.639000+00:00,18.2,
1263,9963,55,66,2025-06-15 19:28:55.248000+00:00,18.2,
1263,9963,81,67,2025-06-15 19:28:56.092000+00:00,26.385,4.0
1263,9963,16,67,2025-06-15 19:29:14.030000+00:00,18.3,
1263,9963,87,66,2025-06-15 19:29:16.967000+00:00,27.985,7.2
1263,9963,22,66,2025-06-15 19:29:19.201000+00:00,18.2,
1263,9963,43,66,2025-06-15 19:29:21.748000+00:00,18.1,
1263,9963,5,66,2025-06-15 19:29:22.670000+00:00,18.2,
1263,9963,10,66,2025-06-15 19:29:26.092000+00:00,18.2,
1263,9963,6,66,2025-06-15 19:29:32.417000+00:00,23.693,2.8
1263,9963,18,66,2025-06-15 19:29:35.126000+00:00,23.772,2.6
1263,9963,44,67,2025-06-15 19:29:45.861000+00:00,18.2,
1263,9963,14,67,2025-06-15 19:30:27.190000+00:00,18.1,
1263,9963,27,67,2025-06-15 19:30:30.052000+00:00,18.2,
1263,9963,63,68,2025-06-15 19:30:47.996000+00:00,19.4,
1263,9963,1,68,2025-06-15 19:30:49.058000+00:00,19.2,
1263,9963,12,68,2025-06-15 19:30:50.277000+00:00,18.9,
1263,9963,31,67,2025-06-15 19:30:51.777000+00:00,18.2,
1263,9963,55,67,2025-06-15 19:30:52.730000+00:00,18.1,
1263,9963,81,68,2025-06-15 19:30:53.949000+00:00,18.2,
1263,9963,16,68,2025-06-15 19:31:08.887000+00:00,18.2,
1263,9963,87,67,2025-06-15 19:31:13.668000+00:00,18.2,
1263,9963,22,67,2025-06-15 19:31:16.491000+00:00,18.2,
1263,9963,43,67,2025-06-15 19:31:18.654000+00:00,18.1,
1263,9963,5,67,2025-06-15 19:31:20.346000+00:00,18.2,
1263,9963,10,67,2025-06-15 19:31:21.526000+00:00,18.2,
1263,9963,6,67,2025-06-15 19:31:27.900000+00:00,18.2,
1263,9963,18,67,2025-06-15 19:31:30.993000+00:00,18.2,
1263,9963,44,68,2025-06-15 19:31:36.447000+00:00,18.2,
1263,9963,14,68,2025-06-15 19:32:06.587000+00:00,18.2,
1263,9963,27,68,2025-06-15 19:32:09.150000+00:00,18.3,
1263,9963,63,69,2025-06-15 19:32:51.728000+00:00,18.2,
1263,9963,1,69,2025-06-15 19:32:52.760000+00:00,18.3,
1263,9963,12,69,2025-06-15 19:32:53.900000+00:00,18.2,
1263,9963,31,68,2025-06-15 19:32:55.228000+00:00,18.2,
1263,9963,55,68,2025-06-15 19:32:56.228000+00:00,18.1,
1263,9963,81,69,2025-06-15 19:32:57.822000+00:00,18.2,
1263,9963,16,69,2025-06-15 19:32:59.650000+00:00,18.2,
1263,9963,87,68,2025-06-15 19:33:00.697000+00:00,18.2,
1263,9963,22,68,2025-06-15 19:33:02.791000+00:00,18.2,
1263,9963,43,68,2025-06-15 19:33:04.510000+00:00,18.1,
1263,9963,5,68,2025-06-15 19:33:06.244000+00:00,18.2,
1263,9963,10,68,2025-06-15 19:33:08.260000+00:00,18.2,
1263,9963,6,68,2025-06-15 19:33:10.916000+00:00,18.2,
1263,9963,18,68,2025-06-15 19:33:13.025000+00:00,18.2,
1263,9963,44,69,2025-06-15 19:33:14.229000+00:00,18.2,
1263,9963,14,69,2025-06-15 19:33:43.135000+00:00,18.2,
1263,9963,27,69,2025-06-15 19:33:46.010000+00:00,18.3,
1264,9955,6,2,2025-06-29 13:21:58.785000+00:00,21.297,2.2
1264,9955,87,11,2025-06-29 13:33:15.023000+00:00,21.91,3.1
1264,9955,10,12,2025-06-29 13:34:25.507000+00:00,21.959,3.0
1264,9955,27,12,2025-06-29 13:34:29.788000+00:00,21.236,2.3
1264,9955,23,13,2025-06-29 13:35:33.152000+00:00,21.21,2.5
1264,9955,43,13,2025-06-29 13:35:43.334000+00:00,23.038,3.9
1264,9955,63,18,2025-06-29 13:41:30.636000+00:00,21.344,2.4
1264,9955,22,18,2025-06-29 13:41:42.896000+00:00,21.492,2.4
1264,9955,31,19,2025-06-29 13:42:53.542000+00:00,23.188,3.9
1264,9955,4,20,2025-06-29 13:43:35.564000+00:00,22.131,3.1
1264,9955,5,21,2025-06-29 13:45:08.630000+00:00,21.676,2.4
1264,9955,81,24,2025-06-29 13:48:21.332000+00:00,22.599,3.4
1264,9955,16,25,2025-06-29 13:49:38.562000+00:00,21.308,2.3
1264,9955,44,26,2025-06-29 13:50:52.763000+00:00,21.287,2.2
1264,9955,18,26,2025-06-29 13:51:27.716000+00:00,22.907,3.6
1264,9955,6,28,2025-06-29 13:53:45.441000+00:00,21.68,2.7
1264,9955,22,30,2025-06-29 13:56:28.687000+00:00,30.0,10.6
1264,9955,30,32,2025-06-29 13:58:21.124000+00:00,21.434,2.2
1264,9955,14,33,2025-06-29 13:59:35.606000+00:00,21.865,2.8
1264,9955,10,38,2025-06-29 14:05:48.294000+00:00,22.105,2.7
1264,9955,87,39,2025-06-29 14:06:55.950000+00:00,21.771,3.0
1264,9955,43,39,2025-06-29 14:07:09.171000+00:00,21.087,2.2
1264,9955,27,42,2025-06-29 14:10:20.552000+00:00,21.045,2.3
1264,9955,63,45,2025-06-29 14:13:44.466000+00:00,21.854,2.9
1264,9955,16,49,2025-06-29 14:17:56.986000+00:00,21.536,2.4
1264,9955,5,49,2025-06-29 14:18:32.536000+00:00,21.286,2.2
1264,9955,44,50,2025-06-29 14:19:16.051000+00:00,21.158,2.2
1264,9955,31,50,2025-06-29 14:19:50.397000+00:00,22.284,3.0
1264,9955,4,52,2025-06-29 14:21:10.318000+00:00,21.427,2.5
1264,9955,81,53,2025-06-29 14:22:22.916000+00:00,21.033,2.0
1264,9955,18,53,2025-06-29 14:23:47.998000+00:00,21.763,2.5
1264,9955,22,60,2025-06-29 14:32:24.688000+00:00,32.643,13.6
1277,9947,12,2,2025-07-06 14:08:17.498000+00:00,28.721,2.3
1277,9947,18,6,2025-07-06 14:16:33.376000+00:00,29.125,2.7
1277,9947,27,9,2025-07-06 14:22:11.077000+00:00,29.736,3.7
1277,9947,12,9,2025-07-06 14:22:24.173000+00:00,28.707,2.2
1277,9947,18,10,2025-07-06 14:23:53.899000+00:00,28.853,2.6
1277,9947,63,10,2025-07-06 14:23:59.805000+00:00,28.647,2.4
1277,9947,16,10,2025-07-06 14:24:06.524000+00:00,29.089,2.8
1277,9947,6,10,2025-07-06 14:24:11.518000+00:00,28.523,2.5
1277,9947,87,10,2025-07-06 14:24:14.486000+00:00,29.201,2.8
1277,9947,81,11,2025-07-06 14:25:25.048000+00:00,29.491,3.1
1277,9947,1,11,2025-07-06 14:25:32.725000+00:00,28.182,2.2
1277,9947,4,11,2025-07-06 14:25:33.734000+00:00,30.63,5.1
1277,9947,44,11,2025-07-06 14:25:42.487000+00:00,28.917,2.3
1277,9947,10,11,2025-07-06 14:25:43.534000+00:00,28.912,2.4
1277,9947,14,11,2025-07-06 14:25:44.440000+00:00,28.707,2.8
1277,9947,55,11,2025-07-06 14:25:46.815000+00:00,29.554,3.2
1277,9947,22,11,2025-07-06 14:25:59.565000+00:00,28.544,2.1
1277,9947,23,12,2025-07-06 14:27:41.561000+00:00,29.251,2.5
1277,9947,31,18,2025-07-06 14:42:15.259000+00:00,29.562,2.7
1277,9947,12,20,2025-07-06 14:47:35.833000+00:00,29.728,3.1
1277,9947,14,37,2025-07-06 15:18:04.337000+00:00,28.534,2.5
1277,9947,63,38,2025-07-06 15:19:45.200000+00:00,28.205,2.3
1277,9947,44,41,2025-07-06 15:24:34.802000+00:00,29.127,3.1
1277,9947,18,41,2025-07-06 15:24:46.957000+00:00,28.5,
1277,9947,1,41,2025-07-06 15:24:51.692000+00:00,29.6,
1277,9947,10,41,2025-07-06 15:24:52.755000+00:00,28.4,
1277,9947,55,41,2025-07-06 15:25:01.917000+00:00,28.6,
1277,9947,87,41,2025-07-06 15:25:03.733000+00:00,29.0,
1277,9947,22,41,2025-07-06 15:25:39.003000+00:00,40.1,
1277,9947,27,42,2025-07-06 15:26:13.413000+00:00,29.952,4.6
1277,9947,16,42,2025-07-06 15:26:39.555000+00:00,28.84,2.6
1277,9947,23,42,2025-07-06 15:26:43.790000+00:00,29.2,
1277,9947,31,42,2025-07-06 15:26:45.946000+00:00,28.646,2.5
1277,9947,81,43,2025-07-06 15:27:27.684000+00:00,40.28,14.6
1277,9947,4,44,2025-07-06 15:28:57.318000+00:00,28.214,2.4
1265,9939,44,11,2025-07-27 14:46:51.232000+00:00,23.284,2.2
1265,9939,27,11,2025-07-27 14:46:55.195000+00:00,23.599,2.9
1265,9939,10,11,2025-07-27 14:46:57.838000+00:00,26.825,3.9
1265,9939,14,11,2025-07-27 14:46:58.342000+00:00,23.404,2.5
1265,9939,81,12,2025-07-27 14:48:23.686000+00:00,23.844,2.8
1265,9939,16,12,2025-07-27 14:48:33.936000+00:00,23.806,2.5
1265,9939,1,12,2025-07-27 14:48:36.639000+00:00,25.913,4.8
1265,9939,63,12,2025-07-27 14:48:38.404000+00:00,23.635,2.8
1265,9939,23,12,2025-07-27 14:48:40.404000+00:00,24.029,2.7
1265,9939,30,12,2025-07-27 14:48:46.326000+00:00,23.269,2.3
1265,9939,5,12,2025-07-27 14:48:48.514000+00:00,23.274,2.2
1265,9939,87,12,2025-07-27 14:48:50.448000+00:00,24.13,3.2
1265,9939,43,12,2025-07-27 14:48:58.204000+00:00,23.665,2.6
1265,9939,12,12,2025-07-27 14:49:01.423000+00:00,23.609,2.4
1265,9939,18,12,2025-07-27 14:49:02.220000+00:00,23.787,2.7
1265,9939,55,12,2025-07-27 14:49:03.120000+00:00,27.528,6.2
1265,9939,4,13,2025-07-27 14:50:23.650000+00:00,24.376,3.5
1265,9939,22,13,2025-07-27 14:50:46.228000+00:00,23.33,2.2
1265,9939,6,13,2025-07-27 14:50:48.009000+00:00,23.58,2.8
1265,9939,31,13,2025-07-27 14:50:58.918000+00:00,23.802,2.6
1265,9939,6,20,2025-07-27 15:04:04.883000+00:00,23.376,2.8
1265,9939,55,26,2025-07-27 15:14:55.941000+00:00,23.77,3.1
1265,9939,43,28,2025-07-27 15:18:31.792000+00:00,23.449,2.9
1265,9939,14,29,2025-07-27 15:20:11.108000+00:00,23.692,3.3
1265,9939,12,30,2025-07-27 15:21:56.569000+00:00,23.059,2.3
1265,9939,27,32,2025-07-27 15:25:26.166000+00:00,23.89,3.4
1266,9928,27,5,2025-08-03 13:10:42.523000+00:00,21.5,
1266,9928,43,13,2025-08-03 13:22:01.414000+00:00,30.248,11.1
1266,9928,23,14,2025-08-03 13:23:14.814000+00:00,21.345,2.6
1266,9928,31,14,2025-08-03 13:23:15.143000+00:00,22.444,3.1
1266,9928,55,15,2025-08-03 13:24:35.579000+00:00,21.67,2.7
1266,9928,1,17,2025-08-03 13:27:14.953000+00:00,21.433,2.3
1266,9928,81,18,2025-08-03 13:28:15.303000+00:00,21.145,2.1
1266,9928,16,19,2025-08-03 13:29:34.867000+00:00,21.13,2.0
1266,9928,63,19,2025-08-03 13:29:41.506000+00:00,21.703,2.9
1266,9928,22,20,2025-08-03 13:31:41.726000+00:00,21.295,2.1
1266,9928,12,21,2025-08-03 13:32:58.761000+00:00,22.328,3.2
1266,9928,87,30,2025-08-03 13:45:32.129000+00:00,21.754,2.8
1266,9928,4,31,2025-08-03 13:46:07.537000+00:00,20.94,1.9
1266,9928,10,32,2025-08-03 13:48:23.595000+00:00,21.699,2.6
1266,9928,6,33,2025-08-03 13:49:42.725000+00:00,21.096,2.2
1266,9928,43,35,2025-08-03 13:52:42.991000+00:00,26.28,7.2
1266,9928,18,36,2025-08-03 13:53:38.463000+00:00,21.464,2.4
1266,9928,22,37,2025-08-03 13:55:26.296000+00:00,21.541,2.4
1266,9928,23,38,2025-08-03 13:56:46.767000+00:00,22.726,3.8
1266,9928,14,39,2025-08-03 13:57:35.927000+00:00,22.204,2.9
1266,9928,16,40,2025-08-03 13:58:22.592000+00:00,21.136,2.0
1266,9928,5,40,2025-08-03 13:59:03.655000+00:00,21.773,2.6
1266,9928,30,40,2025-08-03 13:59:09.858000+00:00,22.136,3.0
1266,9928,27,41,2025-08-03 14:00:56.554000+00:00,28.7,
1266,9928,44,42,2025-08-03 14:02:07.096000+00:00,21.15,2.3
1266,9928,63,43,2025-08-03 14:02:38.276000+00:00,21.45,2.9
1266,9928,81,45,2025-08-03 14:05:10.901000+00:00,20.94,1.9
1266,9928,1,48,2025-08-03 14:10:05.385000+00:00,21.258,2.2
1266,9928,55,51,2025-08-03 14:14:40.796000+00:00,21.423,2.6
1267,9920,18,8,2025-08-31 13:14:08.910000+00:00,17.561,2.4
1267,9920,14,18,2025-08-31 13:26:54.464000+00:00,17.417,2.5
1267,9920,22,19,2025-08-31 13:28:11.388000+00:00,18.348,3.2
1267,9920,43,19,2025-08-31 13:28:15.263000+00:00,17.986,2.8
1267,9920,27,19,2025-08-31 13:28:15.588000+00:00,17.602,2.6
1267,9920,16,22,2025-08-31 13:31:42.364000+00:00,17.081,2.0
1267,9920,5,22,2025-08-31 13:32:12.034000+00:00,17.908,2.8
1267,9920,81,23,2025-08-31 13:32:42.802000+00:00,17.375,2.6
1267,9920,4,23,2025-08-31 13:32:50.571000+00:00,20.042,4.5
1267,9920,1,23,2025-08-31 13:33:08.690000+00:00,18.74,3.4
1267,9920,6,23,2025-08-31 13:33:10.759000+00:00,17.414,2.8
1267,9920,63,23,2025-08-31 13:33:15.415000+00:00,18.832,3.4
1267,9920,30,23,2025-08-31 13:33:26.707000+00:00,17.549,2.2
1267,9920,55,23,2025-08-31 13:33:27.973000+00:00,17.67,2.7
1267,9920,23,23,2025-08-31 13:33:36.849000+00:00,19.692,4.1
1267,9920,12,23,2025-08-31 13:33:38.078000+00:00,17.476,2.5
1267,9920,10,23,2025-08-31 13:33:46.306000+00:00,19.223,4.2
1267,9920,30,27,2025-08-31 13:41:04.116000+00:00,22.209,6.7
1267,9920,55,27,2025-08-31 13:41:10.549000+00:00,29.443,13.2
1267,9920,14,40,2025-08-31 13:57:13.739000+00:00,17.949,3.3
1267,9920,12,51,2025-08-31 14:10:41.425000+00:00,17.365,2.5
1267,9920,16,52,2025-08-31 14:11:54.453000+00:00,17.042,2.1
1267,9920,55,51,2025-08-31 14:12:27.454000+00:00,30.34,15.3
1267,9920,18,52,2025-08-31 14:12:28.628000+00:00,17.598,2.6
1267,9920,31,52,2025-08-31 14:12:31.402000+00:00,18.27,2.8
1267,9920,81,53,2025-08-31 14:12:57.881000+00:00,18.589,3.8
1267,9920,4,53,2025-08-31 14:13:05.704000+00:00,22.608,4.8
1267,9920,1,53,2025-08-31 14:13:14.523000+00:00,18.261,3.3
1267,9920,6,53,2025-08-31 14:13:18.898000+00:00,18.535,4.3
1267,9920,63,53,2025-08-31 14:13:36.861000+00:00,17.344,2.4
1267,9920,23,53,2025-08-31 14:13:40.892000+00:00,17.84,3.2
1267,9920,30,52,2025-08-31 14:13:57.375000+00:00,18.552,2.7
1267,9920,12,53,2025-08-31 14:13:59.140000+00:00,21.3,
1267,9920,87,53,2025-08-31 14:14:13.278000+00:00,18.622,3.6
1267,9920,22,53,2025-08-31 14:14:13.825000+00:00,18.147,2.9
1267,9920,43,53,2025-08-31 14:14:23.235000+00:00,17.586,2.7
1267,9920,27,53,2025-08-31 14:14:23.517000+00:00,17.944,3.5
1267,9920,5,60,2025-08-31 14:25:15.124000+00:00,17.491,2.2
1267,9920,43,65,2025-08-31 14:31:49.153000+00:00,18.077,3.1
1267,9920,55,65,2025-08-31 14:32:08.359000+00:00,18.043,3.9
1268,9912,30,9,2025-09-07 13:16:53.530000+00:00,24.156,2.2
1268,9912,87,18,2025-09-07 13:29:32.907000+00:00,25.372,3.3
1268,9912,22,19,2025-09-07 13:30:55.654000+00:00,24.372,2.3
1268,9912,14,20,2025-09-07 13:32:17.708000+00:00,25.16,3.2
1268,9912,5,20,2025-09-07 13:32:18.150000+00:00,26.143,4.0
1268,9912,63,27,2025-09-07 13:41:53.352000+00:00,25.021,2.9
1268,9912,12,28,2025-09-07 13:43:27.992000+00:00,24.916,2.9
1268,9912,55,30,2025-09-07 13:46:20.012000+00:00,24.605,3.0
1268,9912,6,32,2025-09-07 13:49:09.846000+00:00,24.326,2.2
1268,9912,16,33,2025-09-07 13:50:04.888000+00:00,24.235,2.0
1268,9912,43,33,2025-09-07 13:50:45.890000+00:00,24.971,2.8
1268,9912,1,37,2025-09-07 13:55:17.647000+00:00,24.545,2.3
1268,9912,44,38,2025-09-07 13:57:08.320000+00:00,23.971,2.1
1268,9912,23,41,2025-09-07 14:01:27.096000+00:00,24.717,3.1
1268,9912,81,45,2025-09-07 14:06:26.957000+00:00,23.602,1.9
1268,9912,4,46,2025-09-07 14:07:50.629000+00:00,27.498,5.9
1268,9912,10,49,2025-09-07 14:12:58.481000+00:00,25.012,2.9
1268,9912,18,49,2025-09-07 14:13:01.946000+00:00,38.418,16.2
1268,9912,31,51,2025-09-07 14:15:37.886000+00:00,30.754,8.6
1269,9904,31,1,2025-09-21 11:06:46.440000+00:00,20.691,2.5
1269,9904,23,1,2025-09-21 11:06:49.890000+00:00,20.758,2.6
1269,9904,31,2,2025-09-21 11:09:33.338000+00:00,20.759,2.5
1269,9904,23,15,2025-09-21 11:35:01.462000+00:00,20.489,2.4
1269,9904,43,16,2025-09-21 11:36:47.589000+00:00,21.088,2.8
1269,9904,12,18,2025-09-21 11:39:57.929000+00:00,20.669,2.7
1269,9904,16,19,2025-09-21 11:41:48.078000+00:00,20.5,
1269,9904,30,20,2025-09-21 11:43:29.987000+00:00,20.283,2.3
1269,9904,14,21,2025-09-21 11:45:39.568000+00:00,25.768,8.2
1269,9904,5,26,2025-09-21 11:54:26.724000+00:00,20.845,2.4
1269,9904,55,27,2025-09-21 11:55:46.106000+00:00,20.508,2.6
1269,9904,87,28,2025-09-21 11:58:15.827000+00:00,21.194,3.4
1269,9904,6,29,2025-09-21 11:59:39.966000+00:00,20.294,2.2
1269,9904,10,35,2025-09-21 12:10:52.502000+00:00,21.5,3.3
1269,9904,44,36,2025-09-21 12:11:50.527000+00:00,20.062,2.2
1269,9904,27,36,2025-09-21 12:12:31.329000+00:00,19.97,2.3
1269,9904,4,37,2025-09-21 12:13:29.850000+00:00,21.975,4.1
1269,9904,18,37,2025-09-21 12:14:16.997000+00:00,21.82,4.0
1269,9904,22,38,2025-09-21 12:15:11.802000+00:00,20.323,2.2
1269,9904,63,39,2025-09-21 12:16:46.908000+00:00,19.809,2.3
1269,9904,1,40,2025-09-21 12:18:18.941000+00:00,20.221,2.4
1270,9896,22,13,2025-10-05 12:25:48.079000+00:00,24.61,2.1
1270,9896,5,13,2025-10-05 12:25:51.721000+00:00,32.856,11.2
1270,9896,43,14,2025-10-05 12:27:18.400000+00:00,24.04,2.7
1270,9896,1,19,2025-10-05 12:34:57.215000+00:00,24.008,3.0
1270,9896,6,20,2025-10-05 12:37:03.329000+00:00,23.827,2.4
1270,9896,16,21,2025-10-05 12:38:22.641000+00:00,23.63,2.3
1270,9896,87,23,2025-10-05 12:41:57.960000+00:00,23.979,2.8
1270,9896,44,24,2025-10-05 12:43:21.169000+00:00,24.794,3.5
1270,9896,10,24,2025-10-05 12:43:56.518000+00:00,25.583,4.1
1270,9896,63,25,2025-10-05 12:44:30.970000+00:00,23.966,2.5
1270,9896,12,25,2025-10-05 12:44:51.800000+00:00,23.806,2.4
1270,9896,27,25,2025-10-05 12:45:19.688000+00:00,24.1,
1270,9896,4,26,2025-10-05 12:46:15.810000+00:00,23.314,2.1
1270,9896,81,27,2025-10-05 12:48:00.511000+00:00,26.637,5.2
1270,9896,14,27,2025-10-05 12:48:33.356000+00:00,30.749,9.2
1270,9896,31,30,2025-10-05 12:53:39.945000+00:00,25.078,3.2
1270,9896,18,38,2025-10-05 13:06:50.853000+00:00,24.012,2.6
1270,9896,23,42,2025-10-05 13:13:32.820000+00:00,25.732,4.3
1270,9896,27,44,2025-10-05 13:17:22.947000+00:00,31.8,
1270,9896,44,46,2025-10-05 13:19:00.893000+00:00,23.344,2.3
1270,9896,30,48,2025-10-05 13:23:18.249000+00:00,24.027,2.5
1270,9896,55,50,2025-10-05 13:26:35.223000+00:00,24.075,2.9
1270,9896,10,51,2025-10-05 13:28:40.228000+00:00,25.188,3.8
1271,9888,23,7,2025-10-19 19:16:40.245000+00:00,23.763,2.4
1271,9888,5,14,2025-10-19 19:28:52.915000+00:00,25.567,4.2
1271,9888,16,22,2025-10-19 19:41:52.626000+00:00,23.718,2.3
1271,9888,31,24,2025-10-19 19:45:54.440000+00:00,25.06,3.1
1271,9888,10,27,2025-10-19 19:50:53.659000+00:00,26.631,5.3
1271,9888,18,28,2025-10-19 19:52:29.263000+00:00,24.192,2.8
1271,9888,6,28,2025-10-19 19:52:41.432000+00:00,23.831,2.4
1271,9888,22,29,2025-10-19 19:53:50.773000+00:00,24.539,3.4
1271,9888,81,30,2025-10-19 19:55:20.165000+00:00,23.452,2.3
1271,9888,87,30,2025-10-19 19:55:32.548000+00:00,24.11,2.7
1271,9888,14,30,2025-10-19 19:55:43.948000+00:00,24.054,2.6
1271,9888,30,30,2025-10-19 19:55:46.326000+00:00,23.681,2.2
1271,9888,44,31,2025-10-19 19:56:56.565000+00:00,23.937,2.6
1271,9888,12,31,2025-10-19 19:57:34.602000+00:00,23.949,2.6
1271,9888,4,32,2025-10-19 19:58:29.205000+00:00,24.58,3.8
1271,9888,43,32,2025-10-19 19:59:24.550000+00:00,24.045,2.5
1271,9888,1,33,2025-10-19 19:59:59.042000+00:00,23.987,2.6
1271,9888,63,33,2025-10-19 20:00:24.120000+00:00,23.555,2.3
1271,9888,27,33,2025-10-19 20:00:34.358000+00:00,23.753,2.4
1271,9888,23,36,2025-10-19 20:06:00.064000+00:00,24.582,3.3
1271,9888,5,36,2025-10-19 20:06:12.150000+00:00,24.007,2.6
1272,9877,30,2,2025-10-26 20:06:52.641000+00:00,34.212,13.9
1272,9877,55,17,2025-10-26 20:27:37.255000+00:00,22.502,5.1
1272,9877,14,20,2025-10-26 20:31:56.534000+00:00,26.816,7.1
1272,9877,12,22,2025-10-26 20:34:19.665000+00:00,22.476,2.5
1272,9877,44,23,2025-10-26 20:35:48.975000+00:00,33.308,13.5
1272,9877,87,24,2025-10-26 20:37:02.592000+00:00,22.647,2.7
1272,9877,81,24,2025-10-26 20:37:09.936000+00:00,23.211,3.6
1272,9877,63,25,2025-10-26 20:38:30.984000+00:00,22.347,2.7
1272,9877,18,26,2025-10-26 20:40:14.300000+00:00,22.071,2.6
1272,9877,31,27,2025-10-26 20:41:30.822000+00:00,23.203,3.0
1272,9877,16,31,2025-10-26 20:46:37.358000+00:00,22.215,2.2
1272,9877,10,33,2025-10-26 20:50:26.031000+00:00,22.834,2.8
1272,9877,4,34,2025-10-26 20:50:29.025000+00:00,22.567,2.6
1272,9877,6,34,2025-10-26 20:51:23.005000+00:00,22.196,2.4
1272,9877,22,36,2025-10-26 20:54:14.394000+00:00,31.63,12.0
1272,9877,1,37,2025-10-26 20:55:10.670000+00:00,22.762,2.9
1272,9877,5,37,2025-10-26 20:55:36.348000+00:00,22.41,2.3
1272,9877,23,41,2025-10-26 21:01:19.045000+00:00,22.04,2.3
1272,9877,18,43,2025-10-26 21:04:01.158000+00:00,23.713,4.2
1272,9877,55,46,2025-10-26 21:08:05.554000+00:00,30.5,
1272,9877,81,47,2025-10-26 21:09:49.689000+00:00,22.159,2.1
1272,9877,12,47,2025-10-26 21:09:06.973000+00:00,24.523,4.6
1272,9877,44,47,2025-10-26 21:09:09.701000+00:00,23.342,3.5
1272,9877,87,48,2025-10-26 21:10:22.169000+00:00,22.174,2.3
1272,9877,63,48,2025-10-26 21:10:24.920000+00:00,22.47,3.2
1272,9877,43,48,2025-10-26 21:11:28.773000+00:00,22.789,2.8
1272,9877,55,56,2025-10-26 21:21:53.849000+00:00,17.9,
1273,9869,22,2,2025-11-09 17:06:59.702000+00:00,22.974,2.0
1273,9869,44,2,2025-11-09 17:07:24.400000+00:00,40.076,18.5
1273,9869,1,7,2025-11-09 17:15:31.935000+00:00,23.197,2.2
1273,9869,31,8,2025-11-09 17:17:13.579000+00:00,24.204,2.9
1273,9869,44,14,2025-11-09 17:24:47.649000+00:00,23.426,2.4
1273,9869,87,17,2025-11-09 17:28:28.124000+00:00,23.748,3.0
1273,9869,55,17,2025-11-09 17:28:34.078000+00:00,26.064,5.2
1273,9869,6,18,2025-11-09 17:29:42.776000+00:00,23.708,2.4
1273,9869,10,18,2025-11-09 17:29:45.653000+00:00,23.673,2.8
1273,9869,30,19,2025-11-09 17:31:02.424000+00:00,22.899,2.0
1273,9869,12,21,2025-11-09 17:33:20.888000+00:00,23.356,2.2
1273,9869,22,24,2025-11-09 17:37:36.928000+00:00,34.185,13.3
1273,9869,14,28,2025-11-09 17:42:30.689000+00:00,23.942,3.2
1273,9869,43,29,2025-11-09 17:43:48.580000+00:00,23.71,2.6
1273,9869,18,29,2025-11-09 17:43:49.293000+00:00,23.76,2.9
1273,9869,4,30,2025-11-09 17:44:26.554000+00:00,23.49,2.2
1273,9869,44,32,2025-11-09 17:47:56.309000+00:00,30.752,9.8
1273,9869,63,34,2025-11-09 17:49:42.685000+00:00,23.358,2.4
1273,9869,1,34,2025-11-09 17:49:48.897000+00:00,23.058,2.3
1273,9869,23,35,2025-11-09 17:51:17.776000+00:00,23.061,2.4
1273,9869,27,36,2025-11-09 17:52:30.227000+00:00,23.0,
1273,9869,6,37,2025-11-09 17:53:50.990000+00:00,23.46,2.4
1273,9869,81,38,2025-11-09 17:54:47.696000+00:00,34.644,13.5
1273,9869,55,38,2025-11-09 17:55:10.135000+00:00,23.234,2.5
1273,9869,10,39,2025-11-09 17:56:21.926000+00:00,23.648,2.8
1273,9869,87,42,2025-11-09 17:59:59.590000+00:00,24.654,3.9
1273,9869,43,43,2025-11-09 18:01:41.658000+00:00,26.124,5.4
1273,9869,14,46,2025-11-09 18:05:21.290000+00:00,23.563,2.7
1273,9869,12,47,2025-11-09 18:06:00.862000+00:00,23.401,2.2
1273,9869,31,47,2025-11-09 18:06:32.445000+00:00,24.177,2.9
1273,9869,22,47,2025-11-09 18:06:55.174000+00:00,33.841,13.0
1273,9869,63,48,2025-11-09 18:07:18.286000+00:00,23.128,2.3
1273,9869,4,50,2025-11-09 18:09:35.109000+00:00,23.238,2.2
1273,9869,81,51,2025-11-09 18:11:07.234000+00:00,23.113,2.2
1273,9869,1,54,2025-11-09 18:14:45.259000+00:00,23.311,2.5
1273,9869,18,54,2025-11-09 18:15:22.847000+00:00,22.968,2.4
1273,9869,23,55,2025-11-09 18:16:32.416000+00:00,23.112,2.3
1274,9858,22,1,2025-11-23 04:06:24.941000+00:00,21.383,2.5
1274,9858,5,1,2025-11-23 04:06:49.609000+00:00,33.23,14.2
1274,9858,12,2,2025-11-23 04:08:21.548000+00:00,21.968,3.1
1274,9858,10,2,2025-11-23 04:08:33.857000+00:00,23.903,5.2
1274,9858,30,2,2025-11-23 04:08:42.280000+00:00,32.736,13.1
1274,9858,23,13,2025-11-23 04:26:53.267000+00:00,23.361,3.9
1274,9858,23,14,2025-11-23 04:29:02.515000+00:00,30.065,11.3
1274,9858,14,16,2025-11-23 04:32:00.114000+00:00,21.068,2.5
1274,9858,63,17,2025-11-23 04:33:13.981000+00:00,20.929,2.2
1274,9858,87,17,2025-11-23 04:33:38.004000+00:00,21.491,3.1
1274,9858,6,20,2025-11-23 04:38:22.909000+00:00,21.324,2.9
1274,9858,81,21,2025-11-23 04:39:54.483000+00:00,21.371,2.7
1274,9858,4,22,2025-11-23 04:41:15.397000+00:00,21.049,2.5
1274,9858,55,22,2025-11-23 04:41:30.088000+00:00,21.164,2.6
1274,9858,16,24,2025-11-23 04:44:43.963000+00:00,21.351,2.7
1274,9858,1,25,2025-11-23 04:45:59.349000+00:00,21.708,3.0
1274,9858,43,25,2025-11-23 04:46:56.693000+00:00,22.842,4.0
1274,9858,31,27,2025-11-23 04:49:49.465000+00:00,22.389,3.2
1274,9858,22,27,2025-11-23 04:50:08.739000+00:00,20.68,2.2
1274,9858,30,28,2025-11-23 04:51:50.731000+00:00,21.287,2.4
1274,9858,44,29,2025-11-23 04:52:53.262000+00:00,21.638,3.1
1274,9858,27,30,2025-11-23 04:54:29.901000+00:00,22.3,
1274,9858,23,34,2025-11-23 05:01:52.169000+00:00,29.308,9.9
1275,9850,1,7,2025-11-30 16:14:20.672000+00:00,29.97,4.1
1275,9850,55,7,2025-11-30 16:14:27.141000+00:00,28.56,2.9
1275,9850,12,7,2025-11-30 16:14:28.078000+00:00,32.002,6.3
1275,9850,14,7,2025-11-30 16:14:29.422000+00:00,28.288,2.5
1275,9850,6,7,2025-11-30 16:14:32.844000+00:00,28.815,3.2
1275,9850,63,7,2025-11-30 16:14:35.063000+00:00,33.241,7.2
1275,9850,16,7,2025-11-30 16:14:39.047000+00:00,30.395,4.7
1275,9850,87,7,2025-11-30 16:14:39.078000+00:00,28.837,3.8
1275,9850,30,7,2025-11-30 16:14:40.610000+00:00,28.993,3.2
1275,9850,22,7,2025-11-30 16:14:42.782000+00:00,29.188,3.6
1275,9850,23,7,2025-11-30 16:14:43.641000+00:00,28.89,3.1
1275,9850,44,7,2025-11-30 16:14:44.469000+00:00,32.166,3.2
1275,9850,5,7,2025-11-30 16:14:45.563000+00:00,28.471,2.5
1275,9850,18,7,2025-11-30 16:14:45.719000+00:00,28.124,2.7
1275,9850,43,7,2025-11-30 16:14:47.735000+00:00,29.538,3.1
1275,9850,10,7,2025-11-30 16:15:12.668000+00:00,31.343,3.8
1275,9850,31,8,2025-11-30 16:16:50.755000+00:00,34.006,8.3
1275,9850,31,9,2025-11-30 16:19:32.036000+00:00,34.54,8.6
1275,9850,81,24,2025-11-30 16:41:27.928000+00:00,29.047,3.1
1275,9850,18,24,2025-11-30 16:42:05.819000+00:00,28.064,2.5
1275,9850,4,25,2025-11-30 16:42:56.225000+00:00,27.938,2.2
1275,9850,1,32,2025-11-30 16:52:57.981000+00:00,28.168,2.5
1275,9850,55,32,2025-11-30 16:53:16.514000+00:00,28.181,2.6
1275,9850,12,32,2025-11-30 16:53:20.955000+00:00,28.544,2.6
1275,9850,14,32,2025-11-30 16:53:27.633000+00:00,28.935,3.0
1275,9850,6,32,2025-11-30 16:53:29.980000+00:00,27.931,2.2
1275,9850,63,32,2025-11-30 16:53:33.480000+00:00,29.077,3.0
1275,9850,16,32,2025-11-30 16:53:36.294000+00:00,28.999,3.2
1275,9850,30,32,2025-11-30 16:53:38.635000+00:00,28.078,2.3
1275,9850,22,32,2025-11-30 16:53:39.921000+00:00,28.33,2.9
1275,9850,23,32,2025-11-30 16:53:42.521000+00:00,29.457,3.7
1275,9850,44,32,2025-11-30 16:53:42.997000+00:00,28.541,2.7
1275,9850,5,32,2025-11-30 16:53:45.788000+00:00,28.234,2.2
1275,9850,43,32,2025-11-30 16:53:47.468000+00:00,28.942,3.2
1275,9850,87,32,2025-11-30 16:53:53.810000+00:00,45.232,16.3
1275,9850,10,32,2025-11-30 16:53:54.435000+00:00,30.559,3.7
1275,9850,31,34,2025-11-30 16:56:44.641000+00:00,30.469,4.6
1275,9850,87,40,2025-11-30 17:05:53.736000+00:00,37.513,11.8
1275,9850,81,42,2025-11-30 17:07:22.436000+00:00,27.853,1.8
1275,9850,4,44,2025-11-30 17:10:20.448000+00:00,28.243,2.7
1275,9850,18,49,2025-11-30 17:18:27.412000+00:00,35.671,10.1
1276,9839,27,7,2025-12-07 13:14:35.391000+00:00,21.6,
1276,9839,44,8,2025-12-07 13:16:02.970000+00:00,21.601,2.4
1276,9839,23,8,2025-12-07 13:16:05.538000+00:00,21.551,2.1
1276,9839,10,13,2025-12-07 13:23:44.702000+00:00,22.585,3.0
1276,9839,63,14,2025-12-07 13:24:56.676000+00:00,21.979,2.3
1276,9839,6,14,2025-12-07 13:25:03.744000+00:00,21.932,2.6
1276,9839,87,14,2025-12-07 13:25:07.866000+00:00,22.263,3.0
1276,9839,5,15,2025-12-07 13:26:30.094000+00:00,22.121,2.5
1276,9839,43,15,2025-12-07 13:26:47.592000+00:00,21.953,2.7
1276,9839,4,16,2025-12-07 13:27:50.505000+00:00,21.323,2.1
1276,9839,16,16,2025-12-07 13:27:53.297000+00:00,21.692,2.5
1276,9839,14,16,2025-12-07 13:27:59.378000+00:00,23.267,4.1
1276,9839,55,18,2025-12-07 13:31:13.956000+00:00,21.799,2.7
1276,9839,31,19,2025-12-07 13:32:39.350000+00:00,22.254,2.7
1276,9839,30,21,2025-12-07 13:35:56.234000+00:00,28.369,8.9
1276,9839,1,23,2025-12-07 13:38:12.048000+00:00,21.703,2.3
1276,9839,44,31,2025-12-07 13:50:48.636000+00:00,21.417,2.1
1276,9839,22,32,2025-12-07 13:52:20.008000+00:00,27.041,7.9
1276,9839,12,32,2025-12-07 13:52:27.790000+00:00,22.155,2.6
1276,9839,23,33,2025-12-07 13:53:58.599000+00:00,21.495,2.4
1276,9839,16,39,2025-12-07 14:02:15.372000+00:00,20.902,2.0
1276,9839,4,40,2025-12-07 14:03:37.692000+00:00,21.407,2.4
1276,9839,10,40,2025-12-07 14:04:37.122000+00:00,22.234,3.0
1276,9839,43,40,2025-12-07 14:04:44.299000+00:00,22.955,3.6
1276,9839,81,41,2025-12-07 14:05:01.126000+00:00,21.565,2.2
1276,9839,18,42,2025-12-07 14:07:18.986000+00:00,21.535,2.3
1276,9839,27,42,2025-12-07 14:07:26.254000+00:00,21.468,2.4
