meeting_key,session_key,driver_number,position,number_of_laps,phase_1_duration,phase_2_duration,phase_3_duration,phase_1_gap_to_leader,phase_2_gap_to_leader,phase_3_gap_to_leader,dnf,dns,dsq
1254,9689,4,1,20,75.912,75.415,75.096,0.0,0.0,0.0,False,False,False
1254,9689,81,2,18,76.062,75.468,75.18,0.15,0.053,0.084,False,False,False
1254,9689,1,3,17,76.018,75.565,75.481,0.106,0.15,0.385,False,False,False
1254,9689,63,4,21,75.971,75.798,75.546,0.059,0.383,0.45,False,False,False
1254,9689,22,5,18,76.225,76.009,75.67,0.313,0.594,0.574,False,False,False
1254,9689,23,6,21,76.245,76.017,75.737,0.333,0.602,0.641,False,False,False
1254,9689,16,7,20,76.029,75.827,75.755,0.117,0.412,0.659,False,False,False
1254,9689,44,8,23,76.213,75.919,75.973,0.301,0.504,0.877,False,False,False
1254,9689,10,9,21,76.328,76.112,75.98,0.416,0.697,0.884,False,False,False
1254,9689,55,10,21,76.36,75.931,76.062,0.448,0.516,0.966,False,False,False
1254,9689,6,11,12,76.354,76.175,,0.442,0.76,,False,False,False
1254,9689,14,12,13,76.288,76.453,,0.376,1.038,,False,False,False
1254,9689,18,13,15,76.369,76.483,,0.457,1.068,,False,False,False
1254,9689,7,14,15,76.315,76.863,,0.403,1.448,,False,False,False
1254,9689,5,15,13,76.516,77.52,,0.604,2.105,,False,False,False
1254,9689,12,16,9,76.525,,,0.613,,,False,False,False
1254,9689,27,17,9,76.579,,,0.667,,,False,False,False
1254,9689,30,18,7,77.094,,,1.182,,,False,False,False
1254,9689,31,19,9,77.147,,,1.235,,,False,False,False
1254,9689,87,,1,,,,,,,False,True,False
1255,9989,44,1,15,91.212,91.384,90.849,0.0,0.21,0.0,False,False,False
1255,9989,1,2,12,91.916,91.521,90.867,0.704,0.347,0.018,False,False,False
1255,9989,81,3,13,91.723,91.362,90.929,0.511,0.188,0.08,False,False,False
1255,9989,16,4,15,91.518,91.561,91.057,0.306,0.387,0.208,False,False,False
1255,9989,63,5,18,91.952,91.346,91.169,0.74,0.172,0.32,False,False,False
1255,9989,4,6,13,91.396,91.174,91.393,0.184,0.0,0.544,False,False,False
1255,9989,12,7,17,91.999,91.475,91.738,0.787,0.301,0.889,False,False,False
1255,9989,22,8,12,92.316,91.794,91.773,1.104,0.62,0.924,False,False,False
1255,9989,23,9,14,92.462,91.539,91.852,1.25,0.365,1.003,False,False,False
1255,9989,18,10,12,92.327,91.742,91.982,1.115,0.568,1.133,False,False,False
1255,9989,14,11,8,92.121,91.815,,0.909,0.641,,False,False,False
1255,9989,87,12,9,92.269,91.978,,1.057,0.804,,False,False,False
1255,9989,55,13,10,92.457,92.325,,1.245,1.151,,False,False,False
1255,9989,5,14,12,92.539,92.564,,1.327,1.39,,False,False,False
1255,9989,6,15,8,92.171,,,0.959,,,True,False,False
1255,9989,7,16,6,92.575,,,1.363,,,False,False,False
1255,9989,10,17,6,92.64,,,1.428,,,False,False,False
1255,9989,31,18,6,92.651,,,1.439,,,False,False,False
1255,9989,27,19,6,92.675,,,1.463,,,False,False,False
1255,9989,30,20,5,92.729,,,1.517,,,False,False,False
1255,9994,81,1,20,91.591,91.2,90.641,0.608,0.413,0.0,False,False,False
1255,9994,63,2,22,91.295,91.307,90.723,0.312,0.52,0.082,False,False,False
1255,9994,4,3,17,90.983,90.787,90.793,0.0,0.0,0.152,False,False,False
1255,9994,1,4,15,91.424,91.142,90.817,0.441,0.355,0.176,False,False,False
1255,9994,44,5,21,91.69,91.501,90.927,0.707,0.714,0.286,False,False,False
1255,9994,16,6,21,91.579,91.45,91.021,0.596,0.663,0.38,False,False,False
1255,9994,6,7,20,91.162,91.253,91.079,0.179,0.466,0.438,False,False,False
1255,9994,12,8,22,91.676,91.59,91.103,0.693,0.803,0.462,False,False,False
1255,9994,22,9,19,91.238,91.26,91.638,0.255,0.473,0.997,False,False,False
1255,9994,23,10,20,91.503,91.595,91.706,0.52,0.808,1.065,False,False,False
1255,9994,31,11,15,91.876,91.625,,0.893,0.838,,False,False,False
1255,9994,27,12,15,91.921,91.632,,0.938,0.845,,False,False,False
1255,9994,14,13,15,91.719,91.688,,0.736,0.901,,False,False,False
1255,9994,18,14,15,91.923,91.773,,0.94,0.986,,False,False,False
1255,9994,55,15,15,91.628,91.84,,0.645,1.053,,False,False,False
1255,9994,10,16,9,91.992,,,1.009,,,False,False,False
1255,9994,87,17,8,92.018,,,1.035,,,False,False,False
1255,9994,7,18,8,92.092,,,1.109,,,False,False,False
1255,9994,5,19,9,92.141,,,1.158,,,False,False,False
1255,9994,30,20,8,92.174,,,1.191,,,False,False,False
1256,10002,1,1,17,87.943,87.502,86.983,0.256,0.356,0.0,False,False,False
1256,10002,4,2,15,87.845,87.146,86.995,0.158,0.0,0.012,False,False,False
1256,10002,81,3,18,87.687,87.507,87.027,0.0,0.361,0.044,False,False,False
1256,10002,16,4,21,87.92,87.555,87.299,0.233,0.409,0.316,False,False,False
1256,10002,63,5,17,87.843,87.4,87.318,0.156,0.254,0.335,False,False,False
1256,10002,12,6,18,87.968,87.639,87.555,0.281,0.493,0.572,False,False,False
1256,10002,6,7,18,88.278,87.775,87.569,0.591,0.629,0.586,False,False,False
1256,10002,44,8,23,87.942,87.61,87.61,0.255,0.464,0.627,False,False,False
1256,10002,23,9,20,88.218,87.783,87.615,0.531,0.637,0.632,False,False,False
1256,10002,87,10,21,88.228,87.711,87.867,0.541,0.565,0.884,False,False,False
1256,10002,10,11,12,88.186,87.822,,0.499,0.676,,False,False,False
1256,10002,55,12,15,88.209,87.836,,0.522,0.69,,False,False,False
1256,10002,14,13,12,88.337,87.897,,0.65,0.751,,False,False,False
1256,10002,30,14,12,88.554,87.906,,0.867,0.76,,False,False,False
1256,10002,22,15,12,87.967,88.0,,0.28,0.854,,False,False,False
1256,10002,27,16,9,88.57,,,0.883,,,False,False,False
1256,10002,5,17,9,88.622,,,0.935,,,False,False,False
1256,10002,31,18,9,88.696,,,1.009,,,False,False,False
1256,10002,7,19,9,88.877,,,1.19,,,False,False,False
1256,10002,18,20,5,89.271,,,1.584,,,False,False,False
1257,10010,81,1,15,91.392,90.454,89.841,0.285,0.0,0.0,False,False,False
1257,10010,63,2,20,91.494,90.664,90.009,0.387,0.21,0.168,False,False,False
1257,10010,16,3,16,91.454,90.724,90.175,0.347,0.27,0.334,False,False,False
1257,10010,12,4,20,91.415,90.716,90.213,0.308,0.262,0.372,False,False,False
1257,10010,10,5,19,91.462,90.643,90.216,0.355,0.189,0.375,False,False,False
1257,10010,4,6,18,91.107,90.56,90.267,0.0,0.106,0.426,False,False,False
1257,10010,1,7,17,91.303,91.019,90.423,0.196,0.565,0.582,False,False,False
1257,10010,55,8,19,91.591,90.844,90.68,0.484,0.39,0.839,False,False,False
1257,10010,44,9,18,91.219,91.009,90.772,0.112,0.555,0.931,False,False,False
1257,10010,22,10,17,91.751,91.228,91.303,0.644,0.774,1.462,False,False,False
1257,10010,7,11,13,91.414,91.245,,0.307,0.791,,False,False,False
1257,10010,6,12,12,91.591,91.271,,0.484,0.817,,False,False,False
1257,10010,14,13,15,91.634,91.886,,0.527,1.432,,False,False,False
1257,10010,31,14,8,91.594,,,0.487,,,True,False,False
1257,10010,23,15,6,92.04,,,0.933,,,False,False,False
1257,10010,27,16,17,92.067,,,0.96,,,False,False,False
1257,10010,30,17,6,92.165,,,1.058,,,False,False,False
1257,10010,5,18,6,92.186,,,1.079,,,False,False,False
1257,10010,18,19,9,92.283,,,1.176,,,False,False,False
1257,10010,87,20,6,92.373,,,1.266,,,False,False,False
1258,10018,1,1,19,87.778,87.529,87.294,0.0,0.048,0.0,False,False,False
1258,10018,81,2,18,87.901,87.545,87.304,0.123,0.064,0.01,False,False,False
1258,10018,63,3,16,88.282,87.599,87.407,0.504,0.118,0.113,False,False,False
1258,10018,16,4,19,88.552,87.866,87.67,0.774,0.385,0.376,False,False,False
1258,10018,12,5,17,88.128,87.798,87.866,0.35,0.317,0.572,False,False,False
1258,10018,55,6,23,88.354,88.024,88.164,0.576,0.543,0.87,False,False,False
1258,10018,44,7,20,88.372,88.102,88.201,0.594,0.621,0.907,False,False,False
1258,10018,22,8,16,88.226,87.99,88.204,0.448,0.509,0.91,False,False,False
1258,10018,10,9,22,88.421,88.025,88.367,0.643,0.544,1.073,False,False,False
1258,10018,4,10,11,87.805,87.481,,0.027,0.0,,True,False,False
1258,10018,23,11,14,88.279,88.109,,0.501,0.628,,False,False,False
1258,10018,30,12,11,88.561,88.191,,0.783,0.71,,False,False,False
1258,10018,14,13,14,88.548,88.303,,0.77,0.822,,False,False,False
1258,10018,6,14,12,88.571,88.418,,0.793,0.937,,False,False,False
1258,10018,87,15,15,88.536,88.648,,0.758,1.167,,False,False,False
1258,10018,18,16,9,88.645,,,0.867,,,False,False,False
1258,10018,7,17,9,88.739,,,0.961,,,False,False,False
1258,10018,27,18,8,88.782,,,1.004,,,False,False,False
1258,10018,31,19,9,89.092,,,1.314,,,False,False,False
1258,10018,5,20,8,89.462,,,1.684,,,False,False,False
1259,10024,12,1,15,87.858,87.384,86.482,0.17,0.275,0.0,False,False,False
1259,10024,81,2,12,87.951,87.354,86.527,0.263,0.245,0.045,False,False,False
1259,10024,4,3,14,87.89,87.109,86.582,0.202,0.0,0.1,False,False,False
1259,10024,1,4,16,87.953,87.245,86.737,0.265,0.136,0.255,False,False,False
1259,10024,63,5,15,87.688,87.666,86.791,0.0,0.557,0.309,False,False,False
1259,10024,16,6,16,88.325,87.467,86.808,0.637,0.358,0.326,False,False,False
1259,10024,44,7,15,88.231,87.546,87.03,0.543,0.437,0.548,False,False,False
1259,10024,23,8,15,87.859,87.697,87.193,0.171,0.588,0.711,False,False,False
1259,10024,6,9,12,88.394,87.773,87.543,0.706,0.664,1.061,False,False,False
1259,10024,14,10,13,88.455,87.766,87.79,0.767,0.657,1.308,False,False,False
1259,10024,27,11,9,88.542,87.85,,0.854,0.741,,False,False,False
1259,10024,31,12,9,88.303,88.07,,0.615,0.961,,False,False,False
1259,10024,10,13,9,88.345,88.167,,0.657,1.058,,False,False,False
1259,10024,30,14,8,88.914,88.375,,1.226,1.266,,False,False,False
1259,10024,55,15,8,87.899,,,0.211,,,True,False,False
1259,10024,18,16,6,89.028,,,1.34,,,False,False,False
1259,10024,7,17,5,89.171,,,1.483,,,False,False,False
1259,10024,22,18,5,89.246,,,1.558,,,False,False,False
1259,10024,5,19,6,89.312,,,1.624,,,False,False,False
1259,10024,87,20,5,89.825,,,2.137,,,False,False,False
1259,10029,1,1,18,86.87,86.643,86.204,0.0,0.374,0.0,False,False,False
1259,10029,4,2,21,86.955,86.499,86.269,0.085,0.23,0.065,False,False,False
1259,10029,12,3,20,87.077,86.606,86.271,0.207,0.337,0.067,False,False,False
1259,10029,81,4,16,87.006,86.269,86.375,0.136,0.0,0.171,False,False,False
1259,10029,63,5,20,87.014,86.575,86.385,0.144,0.306,0.181,False,False,False
1259,10029,55,6,20,87.098,86.847,86.569,0.228,0.578,0.365,False,False,False
1259,10029,23,7,20,87.042,86.855,86.682,0.172,0.586,0.478,False,False,False
1259,10029,16,8,20,87.417,86.948,86.754,0.547,0.679,0.55,False,False,False
1259,10029,31,9,21,87.45,86.967,86.824,0.58,0.698,0.62,False,False,False
1259,10029,22,10,21,87.298,86.959,86.943,0.428,0.69,0.739,False,False,False
1259,10029,6,11,13,87.301,86.987,,0.431,0.718,,False,False,False
1259,10029,44,12,15,87.279,87.006,,0.409,0.737,,False,False,False
1259,10029,5,13,15,87.343,87.151,,0.473,0.882,,False,False,False
1259,10029,7,14,15,87.422,87.186,,0.552,0.917,,False,False,False
1259,10029,30,15,14,87.444,87.363,,0.574,1.094,,False,False,False
1259,10029,27,16,9,87.473,,,0.603,,,False,False,False
1259,10029,14,17,9,87.604,,,0.734,,,False,False,False
1259,10029,10,18,9,87.71,,,0.84,,,False,False,False
1259,10029,18,19,9,87.83,,,0.96,,,False,False,False
1259,10029,87,20,9,87.999,,,1.129,,,False,False,False
1260,9983,81,1,18,75.5,75.214,74.67,0.325,0.016,0.0,False,False,False
1260,9983,1,2,17,75.175,75.394,74.704,0.0,0.196,0.034,False,False,False
1260,9983,63,3,17,75.852,75.334,74.807,0.677,0.136,0.137,False,False,False
1260,9983,4,4,19,75.894,75.261,74.962,0.719,0.063,0.292,False,False,False
1260,9983,14,5,19,75.695,75.442,75.431,0.52,0.244,0.761,False,False,False
1260,9983,55,6,21,75.987,75.198,75.432,0.812,0.0,0.762,False,False,False
1260,9983,23,7,20,76.123,75.521,75.473,0.948,0.323,0.803,False,False,False
1260,9983,18,8,21,75.817,75.497,75.581,0.642,0.299,0.911,False,False,False
1260,9983,6,9,17,76.253,75.51,75.746,1.078,0.312,1.076,False,False,False
1260,9983,10,10,17,75.937,75.505,75.787,0.762,0.307,1.117,False,False,False
1260,9983,16,11,14,76.108,75.604,,0.933,0.406,,False,False,False
1260,9983,44,12,14,76.163,75.765,,0.988,0.567,,False,False,False
1260,9983,12,13,13,75.943,75.772,,0.768,0.574,,False,False,False
1260,9983,5,14,15,76.34,76.26,,1.165,1.062,,False,False,False
1260,9983,43,15,5,76.256,,,1.081,,,False,False,False
1260,9983,30,16,6,76.379,,,1.204,,,False,False,False
1260,9983,27,17,9,76.518,,,1.343,,,False,False,False
1260,9983,31,18,9,76.613,,,1.438,,,False,False,False
1260,9983,87,19,8,76.918,,,1.743,,,False,False,False
1260,9983,22,,2,,,,,,,True,False,False
1261,9975,4,1,27,71.285,70.57,69.954,0.056,0.0,0.0,False,False,False
1261,9975,16,2,27,71.229,70.581,70.063,0.0,0.011,0.109,False,False,False
1261,9975,81,3,29,71.308,70.858,70.129,0.079,0.288,0.175,False,False,False
1261,9975,44,4,28,71.575,70.883,70.382,0.346,0.313,0.428,False,False,False
1261,9975,1,5,21,71.431,70.875,70.669,0.202,0.305,0.715,False,False,False
1261,9975,6,6,27,71.811,71.04,70.923,0.582,0.47,0.969,False,False,False
1261,9975,14,7,30,71.674,71.182,70.924,0.445,0.612,0.97,False,False,False
1261,9975,31,8,32,71.839,71.262,70.942,0.61,0.692,0.988,False,False,False
1261,9975,30,9,26,71.818,71.25,71.129,0.589,0.68,1.175,False,False,False
1261,9975,23,10,34,71.629,70.732,71.213,0.4,0.162,1.259,False,False,False
1261,9975,55,11,25,71.707,71.362,,0.478,0.792,,False,False,False
1261,9975,22,12,20,71.8,71.415,,0.571,0.845,,False,False,False
1261,9975,27,13,23,71.871,71.596,,0.642,1.026,,False,False,False
1261,9975,63,14,13,71.507,,,0.278,,,True,False,False
1261,9975,12,15,11,71.88,,,0.651,,,False,False,False
1261,9975,5,16,13,71.902,,,0.673,,,False,False,False
1261,9975,87,17,13,71.979,,,0.75,,,False,False,False
1261,9975,10,18,11,71.994,,,0.765,,,False,False,False
1261,9975,18,19,11,72.563,,,1.334,,,False,False,False
1261,9975,43,20,12,72.597,,,1.368,,,False,False,False
1262,9967,81,1,14,72.551,71.998,71.546,0.0,0.0,0.0,False,False,False
1262,9967,4,2,15,72.799,72.056,71.755,0.248,0.058,0.209,False,False,False
1262,9967,1,3,12,72.798,72.358,71.848,0.247,0.36,0.302,False,False,False
1262,9967,63,4,12,72.806,72.407,71.848,0.255,0.409,0.302,False,False,False
1262,9967,44,5,15,73.058,72.447,72.045,0.507,0.449,0.499,False,False,False
1262,9967,12,6,18,72.815,72.585,72.111,0.264,0.587,0.565,False,False,False
1262,9967,16,7,12,73.014,72.495,72.131,0.463,0.497,0.585,False,False,False
1262,9967,10,8,18,73.081,72.611,72.199,0.53,0.613,0.653,False,False,False
1262,9967,6,9,15,73.139,72.461,72.252,0.588,0.463,0.706,False,False,False
1262,9967,14,10,14,73.102,72.523,72.284,0.551,0.525,0.738,False,False,False
1262,9967,23,11,14,73.044,72.641,,0.493,0.643,,False,False,False
1262,9967,5,12,12,73.045,72.756,,0.494,0.758,,False,False,False
1262,9967,30,13,12,73.039,72.763,,0.488,0.765,,False,False,False
1262,9967,18,14,15,73.038,73.058,,0.487,1.06,,False,False,False
1262,9967,87,15,15,73.074,73.315,,0.523,1.317,,False,False,False
1262,9967,27,16,6,73.19,,,0.639,,,False,False,False
1262,9967,31,17,9,73.201,,,0.65,,,False,False,False
1262,9967,55,18,6,73.203,,,0.652,,,False,False,False
1262,9967,43,19,7,73.334,,,0.783,,,False,False,False
1262,9967,22,20,6,73.385,,,0.834,,,False,False,False
1263,9959,63,1,21,72.075,71.57,70.899,0.249,0.0,0.0,False,False,False
1263,9959,1,2,20,72.054,71.638,71.059,0.228,0.068,0.16,False,False,False
1263,9959,81,3,23,71.939,71.715,71.12,0.113,0.145,0.221,False,False,False
1263,9959,12,4,21,72.279,71.974,71.391,0.453,0.404,0.492,False,False,False
1263,9959,44,5,27,71.952,71.885,71.526,0.126,0.315,0.627,False,False,False
1263,9959,14,6,27,72.073,71.805,71.586,0.247,0.235,0.687,False,False,False
1263,9959,4,7,22,71.826,71.599,71.625,0.0,0.029,0.726,False,False,False
1263,9959,16,8,27,72.038,71.626,71.682,0.212,0.056,0.783,False,False,False
1263,9959,6,9,21,72.211,72.003,71.867,0.385,0.433,0.968,False,False,False
1263,9959,23,10,30,72.09,71.892,71.907,0.264,0.322,1.008,False,False,False
1263,9959,22,11,15,72.334,72.102,,0.508,0.532,,False,False,False
1263,9959,43,12,20,72.234,72.142,,0.408,0.572,,False,False,False
1263,9959,27,13,18,72.323,72.183,,0.497,0.613,,False,False,False
1263,9959,87,14,19,72.306,72.34,,0.48,0.77,,False,False,False
1263,9959,31,15,21,72.378,72.634,,0.552,1.064,,False,False,False
1263,9959,5,16,11,72.385,,,0.559,,,False,False,False
1263,9959,55,17,13,72.398,,,0.572,,,False,False,False
1263,9959,18,18,12,72.517,,,0.691,,,False,False,False
1263,9959,30,19,10,72.525,,,0.699,,,False,False,False
1263,9959,10,20,12,72.667,,,0.841,,,False,False,False
1264,9951,4,1,18,64.672,64.41,63.971,0.0,0.0,0.0,False,False,False
1264,9951,16,2,21,65.197,64.734,64.492,0.525,0.324,0.521,False,False,False
1264,9951,81,3,19,64.966,64.556,64.554,0.294,0.146,0.583,False,False,False
1264,9951,44,4,21,65.115,64.896,64.582,0.443,0.486,0.611,False,False,False
1264,9951,63,5,18,65.189,64.86,64.763,0.517,0.45,0.792,False,False,False
1264,9951,30,6,17,65.017,65.041,64.926,0.345,0.631,0.955,False,False,False
1264,9951,1,7,18,65.106,64.836,64.929,0.434,0.426,0.958,False,False,False
1264,9951,5,8,21,65.123,64.846,65.132,0.451,0.436,1.161,False,False,False
1264,9951,12,9,17,65.178,65.052,65.276,0.506,0.642,1.305,False,False,False
1264,9951,10,10,21,65.054,64.846,65.649,0.382,0.436,1.678,False,False,False
1264,9951,14,11,14,65.197,65.128,,0.525,0.718,,False,False,False
1264,9951,23,12,18,65.143,65.205,,0.471,0.795,,False,False,False
1264,9951,6,13,12,65.063,65.226,,0.391,0.816,,False,False,False
1264,9951,43,14,15,65.278,65.288,,0.606,0.878,,False,False,False
1264,9951,87,15,15,65.218,65.312,,0.546,0.902,,False,False,False
1264,9951,18,16,9,65.329,,,0.657,,,False,False,False
1264,9951,31,17,9,65.364,,,0.692,,,False,False,False
1264,9951,22,18,6,65.369,,,0.697,,,False,False,False
1264,9951,55,19,12,65.582,,,0.91,,,False,False,False
1264,9951,27,20,9,65.606,,,0.934,,,False,False,False
1277,9943,1,1,18,85.886,85.316,84.892,0.0,0.232,0.0,False,False,False
1277,9943,81,2,21,85.963,85.316,84.995,0.077,0.232,0.103,False,False,False
1277,9943,4,3,20,86.123,85.231,85.01,0.237,0.147,0.118,False,False,False
1277,9943,63,4,19,86.236,85.637,85.029,0.35,0.553,0.137,False,False,False
1277,9943,44,5,19,86.296,85.084,85.095,0.41,0.0,0.203,False,False,False
1277,9943,16,6,21,86.186,85.133,85.121,0.3,0.049,0.229,False,False,False
1277,9943,12,7,18,86.265,85.62,85.374,0.379,0.536,0.482,False,False,False
1277,9943,87,8,18,86.005,85.534,85.471,0.119,0.45,0.579,False,False,False
1277,9943,14,9,15,86.108,85.593,85.621,0.222,0.509,0.729,False,False,False
1277,9943,10,10,21,86.328,85.711,85.785,0.442,0.627,0.893,False,False,False
1277,9943,55,11,12,86.175,85.746,,0.289,0.662,,False,False,False
1277,9943,22,12,13,86.275,85.826,,0.389,0.742,,False,False,False
1277,9943,6,13,12,86.177,85.864,,0.291,0.78,,False,False,False
1277,9943,23,14,13,86.093,85.889,,0.207,0.805,,False,False,False
1277,9943,31,15,12,86.136,85.95,,0.25,0.866,,False,False,False
1277,9943,30,16,6,86.44,,,0.554,,,False,False,False
1277,9943,5,17,9,86.446,,,0.56,,,False,False,False
1277,9943,18,18,9,86.504,,,0.618,,,False,False,False
1277,9943,27,19,9,86.574,,,0.688,,,False,False,False
1277,9943,43,20,6,87.06,,,1.174,,,False,False,False
1265,9930,81,1,11,101.769,102.128,100.51,0.0,0.716,0.0,False,False,False
1265,9930,1,2,9,102.043,101.583,100.987,0.274,0.171,0.477,False,False,False
1265,9930,4,3,12,102.068,101.412,101.128,0.299,0.0,0.618,False,False,False
1265,9930,16,4,12,102.763,101.786,101.278,0.994,0.374,0.768,False,False,False
1265,9930,31,5,12,102.822,101.801,101.565,1.053,0.389,1.055,False,False,False
1265,9930,55,6,11,102.776,102.051,101.761,1.007,0.639,1.251,False,False,False
1265,9930,87,7,12,103.024,102.019,101.857,1.255,0.607,1.347,False,False,False
1265,9930,10,8,12,103.171,101.949,101.959,1.402,0.537,1.449,False,False,False
1265,9930,6,9,11,102.711,102.088,101.971,0.942,0.676,1.461,False,False,False
1265,9930,5,10,12,102.806,101.901,102.176,1.037,0.489,1.666,False,False,False
1265,9930,30,11,9,102.897,102.169,,1.128,0.757,,False,False,False
1265,9930,22,12,9,102.912,102.184,,1.143,0.772,,False,False,False
1265,9930,63,13,8,102.65,102.33,,0.881,0.918,,False,False,False
1265,9930,14,14,7,102.427,102.453,,0.658,1.041,,False,False,False
1265,9930,18,15,8,102.736,102.832,,0.967,1.42,,False,False,False
1265,9930,23,16,6,103.212,,,1.443,,,False,False,False
1265,9930,27,17,6,103.217,,,1.448,,,False,False,False
1265,9930,44,18,6,103.408,,,1.639,,,False,False,False
1265,9930,43,19,6,103.587,,,1.818,,,False,False,False
1265,9930,12,20,6,105.394,,,3.625,,,False,False,False
1265,9935,4,1,20,101.01,100.715,100.562,0.0,0.089,0.0,False,False,False
1265,9935,81,2,21,101.201,100.626,100.647,0.191,0.0,0.085,False,False,False
1265,9935,16,3,18,101.635,101.084,100.9,0.625,0.458,0.338,False,False,False
1265,9935,1,4,15,101.334,100.951,100.903,0.324,0.325,0.341,False,False,False
1265,9935,23,5,20,101.772,101.505,101.201,0.762,0.879,0.639,False,False,False
1265,9935,63,6,18,101.784,101.254,101.26,0.774,0.628,0.698,False,False,False
1265,9935,22,7,17,101.84,101.245,101.284,0.83,0.619,0.722,False,False,False
1265,9935,6,8,19,101.572,101.281,101.31,0.562,0.655,0.748,False,False,False
1265,9935,30,9,20,101.748,101.297,101.328,0.738,0.671,0.766,False,False,False
1265,9935,5,10,18,101.908,101.336,102.387,0.898,0.71,1.825,False,False,False
1265,9935,31,11,14,101.884,101.525,,0.874,0.899,,False,False,False
1265,9935,87,12,13,101.617,101.617,,0.607,0.991,,False,False,False
1265,9935,10,13,14,101.8,101.633,,0.79,1.007,,False,False,False
1265,9935,27,14,14,101.844,101.707,,0.834,1.081,,False,False,False
1265,9935,55,15,13,101.691,101.758,,0.681,1.132,,False,False,False
1265,9935,44,16,8,101.939,,,0.929,,,False,False,False
1265,9935,43,17,8,102.022,,,1.012,,,False,False,False
1265,9935,12,18,6,102.139,,,1.129,,,False,False,False
1265,9935,14,19,8,102.385,,,1.375,,,False,False,False
1265,9935,18,20,8,102.502,,,1.492,,,False,False,False
1266,9924,16,1,18,75.582,75.455,75.372,0.371,0.565,0.0,False,False,False
1266,9924,81,2,18,75.211,74.941,75.398,0.0,0.051,0.026,False,False,False
1266,9924,4,3,18,75.523,74.89,75.413,0.312,0.0,0.041,False,False,False
1266,9924,63,4,15,75.627,75.201,75.425,0.416,0.311,0.053,False,False,False
1266,9924,14,5,15,75.281,75.395,75.481,0.07,0.505,0.109,False,False,False
1266,9924,18,6,18,75.673,75.129,75.498,0.462,0.239,0.126,False,False,False
1266,9924,5,7,18,75.586,75.687,75.725,0.375,0.797,0.353,False,False,False
1266,9924,1,8,18,75.736,75.547,75.728,0.525,0.657,0.356,False,False,False
1266,9924,30,9,18,75.849,75.63,75.821,0.638,0.74,0.449,False,False,False
1266,9924,6,10,15,75.516,75.469,75.915,0.305,0.579,0.543,False,False,False
1266,9924,87,11,12,75.75,75.694,,0.539,0.804,,False,False,False
1266,9924,44,12,12,75.733,75.702,,0.522,0.812,,False,False,False
1266,9924,55,13,15,75.652,75.781,,0.441,0.891,,False,False,False
1266,9924,43,14,12,75.875,76.159,,0.664,1.269,,False,False,False
1266,9924,12,15,9,75.782,76.386,,0.571,1.496,,False,False,False
1266,9924,22,16,6,75.899,,,0.688,,,False,False,False
1266,9924,10,17,6,75.966,,,0.755,,,False,False,False
1266,9924,31,18,6,76.023,,,0.812,,,False,False,False
1266,9924,27,19,6,76.081,,,0.87,,,False,False,False
1266,9924,23,20,9,76.223,,,1.012,,,False,False,False
1267,9916,81,1,18,69.338,68.964,68.662,0.0,0.09,0.0,False,False,False
1267,9916,4,2,18,69.469,68.874,68.674,0.131,0.0,0.012,False,False,False
1267,9916,1,3,18,69.696,69.122,68.925,0.358,0.248,0.263,False,False,False
1267,9916,6,4,18,69.966,69.439,69.208,0.628,0.565,0.546,False,False,False
1267,9916,63,5,18,69.676,69.313,69.255,0.338,0.439,0.593,False,False,False
1267,9916,16,6,22,69.906,69.304,69.34,0.568,0.43,0.678,False,False,False
1267,9916,44,7,21,69.9,69.261,69.39,0.562,0.387,0.728,False,False,False
1267,9916,30,8,18,69.779,69.383,69.5,0.441,0.509,0.838,False,False,False
1267,9916,55,9,18,69.98,69.472,69.505,0.642,0.598,0.843,False,False,False
1267,9916,14,10,17,69.95,69.366,69.63,0.612,0.492,0.968,False,False,False
1267,9916,12,11,12,69.845,69.493,,0.507,0.619,,False,False,False
1267,9916,22,12,15,69.954,69.622,,0.616,0.748,,False,False,False
1267,9916,5,13,12,70.037,69.622,,0.699,0.748,,False,False,False
1267,9916,10,14,15,69.894,69.637,,0.556,0.763,,False,False,False
1267,9916,23,15,12,69.792,69.652,,0.454,0.778,,False,False,False
1267,9916,43,16,9,70.104,,,0.766,,,False,False,False
1267,9916,27,17,9,70.195,,,0.857,,,False,False,False
1267,9916,31,18,9,70.197,,,0.859,,,False,False,False
1267,9916,87,19,9,70.262,,,0.924,,,False,False,False
1267,9916,18,,2,,,,,,,True,False,False
1268,9908,1,1,18,79.455,79.14,78.792,0.041,0.0,0.0,False,False,False
1268,9908,4,2,21,79.517,79.293,78.869,0.103,0.153,0.077,False,False,False
1268,9908,81,3,19,79.711,79.286,78.982,0.297,0.146,0.19,False,False,False
1268,9908,16,4,20,79.689,79.31,79.007,0.275,0.17,0.215,False,False,False
1268,9908,44,5,20,79.765,79.371,79.124,0.351,0.231,0.332,False,False,False
1268,9908,63,6,18,79.414,79.287,79.157,0.0,0.147,0.365,False,False,False
1268,9908,12,7,22,79.747,79.245,79.2,0.333,0.105,0.408,False,False,False
1268,9908,5,8,21,79.688,79.323,79.39,0.274,0.183,0.598,False,False,False
1268,9908,14,9,20,79.658,79.362,79.424,0.244,0.222,0.632,False,False,False
1268,9908,22,10,18,79.619,79.433,79.519,0.205,0.293,0.727,False,False,False
1268,9908,87,11,15,79.688,79.446,,0.274,0.306,,False,False,False
1268,9908,27,12,15,79.777,79.498,,0.363,0.358,,False,False,False
1268,9908,55,13,19,79.644,79.528,,0.23,0.388,,False,False,False
1268,9908,23,14,16,79.837,79.583,,0.423,0.443,,False,False,False
1268,9908,31,15,15,79.816,79.707,,0.402,0.567,,False,False,False
1268,9908,6,16,6,79.917,,,0.503,,,False,False,False
1268,9908,18,17,9,79.948,,,0.534,,,False,False,False
1268,9908,43,18,9,79.992,,,0.578,,,False,False,False
1268,9908,10,19,9,80.103,,,0.689,,,False,False,False
1268,9908,30,20,5,80.279,,,0.865,,,False,False,False
1269,9900,1,1,23,101.331,101.255,101.117,0.009,0.0,0.0,False,False,False
1269,9900,55,2,23,102.635,101.675,101.595,1.313,0.42,0.478,False,False,False
1269,9900,30,3,26,102.257,101.537,101.707,0.935,0.282,0.59,False,False,False
1269,9900,12,4,21,102.247,101.464,101.717,0.925,0.209,0.6,False,False,False
1269,9900,63,5,22,101.646,101.455,102.07,0.324,0.2,0.953,False,False,False
1269,9900,22,6,23,102.347,101.788,102.143,1.025,0.533,1.026,False,False,False
1269,9900,4,7,21,101.322,101.396,102.239,0.0,0.141,1.122,False,False,False
1269,9900,6,8,25,101.656,101.647,102.372,0.334,0.392,1.255,False,False,False
1269,9900,81,9,18,101.839,101.414,,0.517,0.159,,True,False,False
1269,9900,16,10,19,101.458,101.519,,0.136,0.264,,True,False,False
1269,9900,14,11,18,102.211,101.857,,0.889,0.602,,False,False,False
1269,9900,44,12,17,101.821,102.183,,0.499,0.928,,False,False,False
1269,9900,5,13,16,102.511,102.277,,1.189,1.022,,False,False,False
1269,9900,18,14,16,102.101,103.061,,0.779,1.806,,False,False,False
1269,9900,87,15,11,102.666,,,1.344,,,True,False,False
1269,9900,43,16,8,102.779,,,1.457,,,False,False,False
1269,9900,27,17,8,102.916,,,1.594,,,False,False,False
1269,9900,10,18,8,103.139,,,1.817,,,False,False,False
1269,9900,23,19,4,103.778,,,2.456,,,False,False,False
1269,9900,31,,0,,,,,,,False,False,False
1270,9892,63,1,18,89.928,89.562,89.158,0.163,0.0,0.0,False,False,False
1270,9892,1,2,18,90.028,89.572,89.34,0.263,0.01,0.182,False,False,False
1270,9892,81,3,20,90.313,89.813,89.524,0.548,0.251,0.366,False,False,False
1270,9892,12,4,17,90.036,89.649,89.537,0.271,0.087,0.379,False,False,False
1270,9892,4,5,20,89.932,89.809,89.586,0.167,0.247,0.428,False,False,False
1270,9892,44,6,20,89.765,89.936,89.688,0.0,0.374,0.53,False,False,False
1270,9892,16,7,22,90.37,89.914,89.784,0.605,0.352,0.626,False,False,False
1270,9892,6,8,19,90.214,90.016,89.846,0.449,0.454,0.688,False,False,False
1270,9892,87,9,17,90.42,90.076,89.868,0.655,0.514,0.71,False,False,False
1270,9892,14,10,18,90.745,90.054,89.955,0.98,0.492,0.797,False,False,False
1270,9892,27,11,15,90.715,90.141,,0.95,0.579,,False,False,False
1270,9892,30,12,14,90.681,90.32,,0.916,0.758,,False,False,False
1270,9892,22,13,12,90.574,90.353,,0.809,0.791,,False,False,False
1270,9892,5,14,8,90.82,,,1.055,,,False,False,False
1270,9892,18,15,9,90.949,,,1.184,,,False,False,False
1270,9892,43,16,9,90.982,,,1.217,,,False,False,False
1270,9892,31,17,6,90.989,,,1.224,,,False,False,False
1270,9892,10,18,8,91.261,,,1.496,,,False,False,False
1270,9892,23,,0,,90.202,,,0.64,,False,False,False
1270,9892,55,,0,,90.235,,,0.673,,False,False,False
1271,9879,1,1,12,93.363,93.163,92.143,0.139,0.13,0.0,False,False,False
1271,9879,4,2,12,93.224,93.033,92.214,0.0,0.0,0.071,False,False,False
1271,9879,81,3,13,93.889,93.371,92.523,0.665,0.338,0.38,False,False,False
1271,9879,27,4,12,94.236,93.577,92.645,1.012,0.544,0.502,False,False,False
1271,9879,63,5,13,94.653,93.462,92.888,1.429,0.429,0.745,False,False,False
1271,9879,14,6,12,94.737,93.951,92.91,1.513,0.918,0.767,False,False,False
1271,9879,55,7,14,94.239,93.652,92.911,1.015,0.619,0.768,False,False,False
1271,9879,44,8,14,94.226,94.012,93.035,1.002,0.979,0.892,False,False,False
1271,9879,23,9,14,94.472,93.831,93.099,1.248,0.798,0.956,False,False,False
1271,9879,16,10,15,94.913,93.938,93.104,1.689,0.905,0.961,False,False,False
1271,9879,12,11,11,94.414,94.018,,1.19,0.985,,False,False,False
1271,9879,6,12,9,94.243,94.241,,1.019,1.208,,False,False,False
1271,9879,10,13,9,95.144,94.258,,1.92,1.225,,False,False,False
1271,9879,18,14,10,94.988,94.394,,1.764,1.361,,False,False,False
1271,9879,30,15,8,94.603,,,1.379,,,True,False,False
1271,9879,87,16,5,95.159,,,1.935,,,False,False,False
1271,9879,43,17,6,95.246,,,2.022,,,False,False,False
1271,9879,22,18,5,95.259,,,2.035,,,False,False,False
1271,9879,31,19,5,96.003,,,2.779,,,False,False,False
1271,9879,5,,5,,,,,,,True,False,False
1271,9884,1,1,14,93.207,92.701,92.51,0.0,0.0,0.0,False,False,False
1271,9884,4,2,20,93.843,92.876,92.801,0.636,0.175,0.291,False,False,False
1271,9884,16,3,17,93.525,92.869,92.807,0.318,0.168,0.297,False,False,False
1271,9884,63,4,19,93.311,93.058,92.826,0.104,0.357,0.316,False,False,False
1271,9884,44,5,18,93.685,92.914,92.912,0.478,0.213,0.402,False,False,False
1271,9884,81,6,19,93.746,93.228,93.084,0.539,0.527,0.574,False,False,False
1271,9884,12,7,18,93.501,93.044,93.114,0.294,0.343,0.604,False,False,False
1271,9884,87,8,19,93.921,93.238,93.139,0.714,0.537,0.629,False,False,False
1271,9884,55,9,20,93.739,93.124,93.15,0.532,0.423,0.64,False,False,False
1271,9884,14,10,18,93.741,93.237,93.16,0.534,0.536,0.65,False,False,False
1271,9884,27,11,14,93.551,93.334,,0.344,0.633,,False,False,False
1271,9884,30,12,14,93.549,93.36,,0.342,0.659,,False,False,False
1271,9884,22,13,13,93.935,93.466,,0.728,0.765,,False,False,False
1271,9884,10,14,14,93.599,93.651,,0.392,0.95,,False,False,False
1271,9884,43,15,14,94.039,94.044,,0.832,1.343,,False,False,False
1271,9884,5,16,8,94.125,,,0.918,,,False,False,False
1271,9884,31,17,8,94.136,,,0.929,,,False,False,False
1271,9884,18,18,7,94.54,,,1.333,,,False,False,False
1271,9884,23,19,9,94.69,,,1.483,,,False,False,False
1271,9884,6,,2,,,,,,,True,False,False
1272,9873,4,1,21,76.899,76.252,75.586,0.166,0.0,0.0,False,False,False
1272,9873,16,2,20,77.024,76.658,75.848,0.291,0.406,0.262,False,False,False
1272,9873,44,3,21,76.736,76.458,75.938,0.003,0.206,0.352,False,False,False
1272,9873,63,4,18,76.895,76.537,76.034,0.162,0.285,0.448,False,False,False
1272,9873,1,5,18,77.076,76.605,76.07,0.343,0.353,0.484,False,False,False
1272,9873,12,6,18,77.291,76.773,76.118,0.558,0.521,0.532,False,False,False
1272,9873,55,7,18,77.171,76.607,76.172,0.438,0.355,0.586,False,False,False
1272,9873,81,8,20,77.158,76.737,76.174,0.425,0.485,0.588,False,False,False
1272,9873,6,9,18,76.733,76.804,76.252,0.0,0.552,0.666,False,False,False
1272,9873,87,10,21,77.04,76.787,76.46,0.307,0.535,0.874,False,False,False
1272,9873,22,11,12,77.234,76.816,,0.501,0.564,,False,False,False
1272,9873,31,12,15,76.948,76.837,,0.215,0.585,,False,False,False
1272,9873,27,13,15,77.251,77.016,,0.518,0.764,,False,False,False
1272,9873,14,14,15,77.232,77.103,,0.499,0.851,,False,False,False
1272,9873,30,15,13,76.961,78.072,,0.228,1.82,,False,False,False
1272,9873,5,16,9,77.412,,,0.679,,,False,False,False
1272,9873,23,17,9,77.49,,,0.757,,,False,False,False
1272,9873,10,18,9,77.546,,,0.813,,,False,False,False
1272,9873,18,19,9,77.606,,,0.873,,,False,False,False
1272,9873,43,20,8,77.67,,,0.937,,,False,False,False
1273,9860,4,1,20,69.627,69.373,69.243,0.0,0.043,0.0,False,False,False
1273,9860,12,2,16,70.381,69.504,69.34,0.754,0.174,0.097,False,False,False
1273,9860,81,3,19,70.017,69.416,69.428,0.39,0.086,0.185,False,False,False
1273,9860,63,4,16,70.048,69.384,69.495,0.421,0.054,0.252,False,False,False
1273,9860,14,5,12,70.011,69.33,69.496,0.384,0.0,0.253,False,False,False
1273,9860,1,6,15,69.975,69.707,69.58,0.348,0.377,0.337,False,False,False
1273,9860,18,7,15,70.326,69.647,69.671,0.699,0.317,0.428,False,False,False
1273,9860,16,8,19,70.324,69.732,69.725,0.697,0.402,0.482,False,False,False
1273,9860,6,9,15,70.095,69.608,69.775,0.468,0.278,0.532,False,False,False
1273,9860,27,10,15,70.333,69.735,69.935,0.706,0.405,0.692,False,False,False
1273,9860,44,11,14,70.224,69.811,,0.597,0.481,,False,False,False
1273,9860,23,12,12,70.275,69.813,,0.648,0.483,,False,False,False
1273,9860,10,13,12,70.097,69.852,,0.47,0.522,,False,False,False
1273,9860,5,14,12,70.217,69.923,,0.59,0.593,,False,False,False
1273,9860,87,15,12,70.066,69.946,,0.439,0.616,,False,False,False
1273,9860,43,16,6,70.441,,,0.814,,,False,False,False
1273,9860,30,17,5,70.666,,,1.039,,,False,False,False
1273,9860,22,18,6,70.692,,,1.065,,,False,False,False
1273,9860,31,19,6,70.872,,,1.245,,,False,False,False
1273,9860,55,20,6,71.12,,,1.493,,,False,False,False
1273,9865,4,1,21,69.656,69.616,69.511,0.0,0.0,0.0,False,False,False
1273,9865,12,2,16,70.192,69.774,69.685,0.536,0.158,0.174,False,False,False
1273,9865,16,3,22,69.934,69.801,69.805,0.278,0.185,0.294,False,False,False
1273,9865,81,4,19,69.928,69.835,69.886,0.272,0.219,0.375,False,False,False
1273,9865,6,5,21,70.083,69.97,69.931,0.427,0.354,0.42,False,False,False
1273,9865,63,6,16,69.935,69.88,69.942,0.279,0.264,0.431,False,False,False
1273,9865,30,7,21,70.108,69.95,69.962,0.452,0.334,0.451,False,False,False
1273,9865,87,8,19,69.891,69.755,69.977,0.235,0.139,0.466,False,False,False
1273,9865,10,9,21,69.885,69.857,70.002,0.229,0.241,0.491,False,False,False
1273,9865,27,10,23,70.337,69.985,70.039,0.681,0.369,0.528,False,False,False
1273,9865,14,11,15,70.181,70.001,,0.525,0.385,,False,False,False
1273,9865,23,12,18,70.115,70.053,,0.459,0.437,,False,False,False
1273,9865,44,13,16,70.016,70.1,,0.36,0.484,,False,False,False
1273,9865,18,14,15,70.041,70.161,,0.385,0.545,,False,False,False
1273,9865,55,15,17,70.184,70.472,,0.528,0.856,,False,False,False
1273,9865,1,16,9,70.403,,,0.747,,,False,False,False
1273,9865,31,17,9,70.438,,,0.782,,,False,False,False
1273,9865,43,18,9,70.632,,,0.976,,,False,False,False
1273,9865,22,19,9,70.711,,,1.055,,,False,False,False
1274,9854,4,1,25,115.473,111.379,107.934,2.329,0.444,0.0,False,False,False
1274,9854,1,2,24,113.458,111.593,108.257,0.314,0.658,0.323,False,False,False
1274,9854,55,3,24,114.873,111.144,108.296,1.729,0.209,0.362,False,False,False
1274,9854,63,4,25,113.144,110.935,108.803,0.0,0.0,0.869,False,False,False
1274,9854,81,5,23,114.544,112.126,108.961,1.4,1.191,1.027,False,False,False
1274,9854,30,6,25,114.828,111.621,109.062,1.684,0.686,1.128,False,False,False
1274,9854,14,7,25,113.739,111.865,109.466,0.595,0.93,1.532,False,False,False
1274,9854,6,8,25,115.613,111.12,109.554,2.469,0.185,1.62,False,False,False
1274,9854,16,9,24,114.814,111.952,109.872,1.67,1.017,1.938,False,False,False
1274,9854,10,10,25,114.432,111.76,111.54,1.288,0.825,3.606,False,False,False
1274,9854,27,11,18,114.555,112.781,,1.411,1.846,,False,False,False
1274,9854,18,12,18,114.416,112.85,,1.272,1.915,,False,False,False
1274,9854,31,13,17,114.635,112.987,,1.491,2.052,,False,False,False
1274,9854,87,14,17,116.016,113.094,,2.872,2.159,,False,False,False
1274,9854,43,15,17,114.847,113.683,,1.703,2.748,,False,False,False
1274,9854,23,16,8,116.22,,,3.076,,,False,False,False
1274,9854,12,17,8,116.314,,,3.17,,,False,False,False
1274,9854,5,18,9,116.674,,,3.53,,,False,False,False
1274,9854,22,19,9,116.798,,,3.654,,,False,False,False
1274,9854,44,20,9,117.115,,,3.971,,,False,False,False
1275,9841,81,1,18,81.286,81.005,80.055,0.114,0.049,0.0,False,False,False
1275,9841,63,2,19,81.432,81.136,80.087,0.26,0.18,0.032,False,False,False
1275,9841,4,3,18,81.398,80.956,80.285,0.226,0.0,0.23,False,False,False
1275,9841,14,4,18,81.276,81.272,80.45,0.104,0.316,0.395,False,False,False
1275,9841,22,5,20,81.458,81.152,80.519,0.286,0.196,0.464,False,False,False
1275,9841,1,6,20,81.172,81.036,80.528,0.0,0.08,0.473,False,False,False
1275,9841,12,7,18,81.555,81.376,80.532,0.383,0.42,0.477,False,False,False
1275,9841,55,8,20,81.438,81.172,80.542,0.266,0.216,0.487,False,False,False
1275,9841,16,9,20,81.636,81.19,80.622,0.464,0.234,0.567,False,False,False
1275,9841,23,10,20,81.721,81.212,80.788,0.549,0.256,0.733,False,False,False
1275,9841,6,11,14,81.399,81.433,,0.227,0.477,,False,False,False
1275,9841,87,12,14,81.526,81.494,,0.354,0.538,,False,False,False
1275,9841,5,13,13,81.623,81.567,,0.451,0.611,,False,False,False
1275,9841,27,14,14,81.327,81.631,,0.155,0.675,,False,False,False
1275,9841,31,15,14,81.773,81.666,,0.601,0.71,,False,False,False
1275,9841,18,16,7,81.807,,,0.635,,,False,False,False
1275,9841,30,17,6,81.851,,,0.679,,,False,False,False
1275,9841,44,18,8,82.043,,,0.871,,,False,False,False
1275,9841,10,19,8,82.112,,,0.94,,,False,False,False
1275,9841,43,20,8,82.364,,,1.192,,,False,False,False
1275,9846,81,1,18,80.234,79.65,79.387,0.16,0.0,0.0,False,False,False
1275,9846,4,2,17,80.157,79.861,79.495,0.083,0.211,0.108,False,False,False
1275,9846,1,3,23,80.472,79.985,79.651,0.398,0.335,0.264,False,False,False
1275,9846,63,4,26,80.074,80.186,79.662,0.0,0.536,0.275,False,False,False
1275,9846,12,5,22,80.576,80.084,79.846,0.502,0.434,0.459,False,False,False
1275,9846,6,6,20,80.603,80.35,80.114,0.529,0.7,0.727,False,False,False
1275,9846,55,7,25,80.52,80.251,80.287,0.446,0.601,0.9,False,False,False
1275,9846,14,8,21,80.598,80.219,80.418,0.524,0.569,1.031,False,False,False
1275,9846,10,9,21,80.681,80.324,80.477,0.607,0.674,1.09,False,False,False
1275,9846,16,10,23,80.564,80.343,80.561,0.49,0.693,1.174,False,False,False
1275,9846,27,11,20,80.63,80.353,,0.556,0.703,,False,False,False
1275,9846,30,12,15,80.539,80.433,,0.465,0.783,,False,False,False
1275,9846,87,13,20,80.548,80.438,,0.474,0.788,,False,False,False
1275,9846,5,14,20,80.653,80.534,,0.579,0.884,,False,False,False
1275,9846,23,15,19,80.629,80.629,,0.555,0.979,,False,False,False
1275,9846,22,16,9,80.761,,,0.687,,,False,False,False
1275,9846,31,17,11,80.864,,,0.79,,,False,False,False
1275,9846,44,18,9,80.907,,,0.833,,,False,False,False
1275,9846,18,19,10,81.058,,,0.984,,,False,False,False
1275,9846,43,20,9,81.137,,,1.063,,,False,False,False
1276,9835,1,1,18,82.877,82.752,82.207,0.272,0.022,0.0,False,False,False
1276,9835,4,2,17,83.178,82.804,82.408,0.573,0.074,0.201,False,False,False
1276,9835,81,3,17,82.605,83.021,82.437,0.0,0.291,0.23,False,False,False
1276,9835,63,4,18,83.247,82.73,82.645,0.642,0.0,0.438,False,False,False
1276,9835,16,5,18,83.163,82.948,82.73,0.558,0.218,0.523,False,False,False
1276,9835,14,6,18,83.071,82.861,82.902,0.466,0.131,0.695,False,False,False
1276,9835,5,7,21,83.374,82.874,82.904,0.769,0.144,0.697,False,False,False
1276,9835,31,8,18,83.334,83.023,82.913,0.729,0.293,0.706,False,False,False
1276,9835,6,9,18,83.373,82.997,83.072,0.768,0.267,0.865,False,False,False
1276,9835,22,10,17,83.386,83.034,,0.781,0.304,,True,False,False
1276,9835,87,11,11,83.254,83.041,,0.649,0.311,,False,False,False
1276,9835,55,12,12,83.187,83.042,,0.582,0.312,,False,False,False
1276,9835,30,13,14,83.265,83.077,,0.66,0.347,,False,False,False
1276,9835,12,14,12,82.894,83.08,,0.289,0.35,,False,False,False
1276,9835,18,15,15,83.316,83.097,,0.711,0.367,,False,False,False
1276,9835,44,16,9,83.394,,,0.789,,,False,False,False
1276,9835,23,17,6,83.416,,,0.811,,,False,False,False
1276,9835,27,18,9,83.45,,,0.845,,,False,False,False
1276,9835,10,19,9,83.468,,,0.863,,,False,False,False
1276,9835,43,20,9,83.89,,,1.285,,,False,False,False
