meeting_key,session_key,driver_number,position,number_of_laps,points,dnf,dns,dsq,duration,gap_to_leader
1254,9693,4,1,57,25.0,False,False,False,6126.304,0
1254,9693,1,2,57,18.0,False,False,False,6127.199,0.895
1254,9693,63,3,57,15.0,False,False,False,6134.785,8.481
1254,9693,12,4,57,12.0,False,False,False,6136.439,10.135
1254,9693,23,5,57,10.0,False,False,False,6139.077,12.773
1254,9693,18,6,57,8.0,False,False,False,6143.717,17.413
1254,9693,27,7,57,6.0,False,False,False,6144.727,18.423
1254,9693,16,8,57,4.0,False,False,False,6146.13,19.826
1254,9693,81,9,57,2.0,False,False,False,6146.752,20.448
1254,9693,44,10,57,1.0,False,False,False,6148.777,22.473
1254,9693,10,11,57,0.0,False,False,False,6152.806,26.502
1254,9693,22,12,57,0.0,False,False,False,6156.188,29.884
1254,9693,31,13,57,0.0,False,False,False,6159.465,33.161
1254,9693,87,14,57,0.0,False,False,False,6166.655,40.351
1254,9693,30,,46,0.0,True,False,False,,
1254,9693,5,,45,0.0,True,False,False,,
1254,9693,14,,32,0.0,True,False,False,,
1254,9693,55,,0,0.0,True,False,False,,
1254,9693,7,,0,0.0,True,False,False,,
1254,9693,6,,0,0.0,False,True,False,,
1255,9998,81,1,56,25.0,False,False,False,5455.026,0
1255,9998,4,2,56,18.0,False,False,False,5464.774,9.748
1255,9998,63,3,56,15.0,False,False,False,5466.123,11.097
1255,9998,1,4,56,12.0,False,False,False,5471.682,16.656
1255,9998,31,5,56,10.0,False,False,False,5504.995,49.969
1255,9998,12,6,56,8.0,False,False,False,5508.774,53.748
1255,9998,23,7,56,6.0,False,False,False,5511.347,56.321
1255,9998,87,8,56,4.0,False,False,False,5516.329,61.303
1255,9998,18,9,56,2.0,False,False,False,5525.23,70.204
1255,9998,55,10,56,1.0,False,False,False,5531.413,76.387
1255,9998,6,11,56,0.0,False,False,False,5533.901,78.875
1255,9998,30,12,56,0.0,False,False,False,5536.173,81.147
1255,9998,7,13,56,0.0,False,False,False,5543.427,88.401
1255,9998,5,14,55,0.0,False,False,False,,+1 LAP
1255,9998,27,15,55,0.0,False,False,False,,+1 LAP
1255,9998,22,16,55,0.0,False,False,False,,+1 LAP
1255,9998,14,,4,0.0,True,False,False,,
1255,9998,16,,,0.0,False,False,True,,
1255,9998,44,,,0.0,False,False,True,,
1255,9998,10,,,0.0,False,False,True,,
1256,10006,1,1,53,25.0,False,False,False,4926.983,0
1256,10006,4,2,53,18.0,False,False,False,4928.406,1.423
1256,10006,81,3,53,15.0,False,False,False,4929.112,2.129
1256,10006,16,4,53,12.0,False,False,False,4943.08,16.097
1256,10006,63,5,53,10.0,False,False,False,4944.345,17.362
1256,10006,12,6,53,8.0,False,False,False,4945.654,18.671
1256,10006,44,7,53,6.0,False,False,False,4956.165,29.182
1256,10006,6,8,53,4.0,False,False,False,4964.117,37.134
1256,10006,23,9,53,2.0,False,False,False,4967.35,40.367
1256,10006,87,10,53,1.0,False,False,False,4981.512,54.529
1256,10006,14,11,53,0.0,False,False,False,4984.316,57.333
1256,10006,22,12,53,0.0,False,False,False,4985.384,58.401
1256,10006,10,13,53,0.0,False,False,False,4989.105,62.122
1256,10006,55,14,53,0.0,False,False,False,5001.112,74.129
1256,10006,7,15,53,0.0,False,False,False,5008.297,81.314
1256,10006,27,16,53,0.0,False,False,False,5008.94,81.957
1256,10006,30,17,53,0.0,False,False,False,5009.717,82.734
1256,10006,31,18,53,0.0,False,False,False,5010.421,83.438
1256,10006,5,19,53,0.0,False,False,False,5010.88,83.897
1256,10006,18,20,52,0.0,False,False,False,,+1 LAP
1257,10014,81,1,57,25.0,False,False,False,5739.435,0
1257,10014,63,2,57,18.0,False,False,False,5754.934,15.499
1257,10014,4,3,57,15.0,False,False,False,5755.708,16.273
1257,10014,16,4,57,12.0,False,False,False,5759.114,19.679
1257,10014,44,5,57,10.0,False,False,False,5767.428,27.993
1257,10014,1,6,57,8.0,False,False,False,5773.83,34.395
1257,10014,10,7,57,6.0,False,False,False,5775.437,36.002
1257,10014,31,8,57,4.0,False,False,False,5783.679,44.244
1257,10014,22,9,57,2.0,False,False,False,5784.496,45.061
1257,10014,87,10,57,1.0,False,False,False,5787.029,47.594
1257,10014,12,11,57,0.0,False,False,False,5787.451,48.016
1257,10014,23,12,57,0.0,False,False,False,5788.274,48.839
1257,10014,6,13,57,0.0,False,False,False,5795.749,56.314
1257,10014,7,14,57,0.0,False,False,False,5797.241,57.806
1257,10014,14,15,57,0.0,False,False,False,5799.775,60.34
1257,10014,30,16,57,0.0,False,False,False,5803.87,64.435
1257,10014,18,17,57,0.0,False,False,False,5804.924,65.489
1257,10014,5,18,57,0.0,False,False,False,5806.307,66.872
1257,10014,55,,45,0.0,True,False,False,,
1257,10014,27,,,0.0,False,False,True,,
1258,10022,81,1,50,25.0,False,False,False,4866.758,0
1258,10022,1,2,50,18.0,False,False,False,4869.601,2.843
1258,10022,16,3,50,15.0,False,False,False,4874.862,8.104
1258,10022,4,4,50,12.0,False,False,False,4875.954,9.196
1258,10022,63,5,50,10.0,False,False,False,4893.994,27.236
1258,10022,12,6,50,8.0,False,False,False,4901.446,34.688
1258,10022,44,7,50,6.0,False,False,False,4905.831,39.073
1258,10022,55,8,50,4.0,False,False,False,4931.388,64.63
1258,10022,23,9,50,2.0,False,False,False,4933.273,66.515
1258,10022,6,10,50,1.0,False,False,False,4933.849,67.091
1258,10022,14,11,50,0.0,False,False,False,4942.675,75.917
1258,10022,30,12,50,0.0,False,False,False,4945.209,78.451
1258,10022,87,13,50,0.0,False,False,False,4945.952,79.194
1258,10022,31,14,50,0.0,False,False,False,4966.481,99.723
1258,10022,27,15,49,0.0,False,False,False,,+1 LAP
1258,10022,18,16,49,0.0,False,False,False,,+1 LAP
1258,10022,7,17,49,0.0,False,False,False,,+1 LAP
1258,10022,5,18,49,0.0,False,False,False,,+1 LAP
1258,10022,22,,1,0.0,True,False,False,,
1258,10022,10,,0,0.0,True,False,False,,
1259,10033,81,1,57,25.0,False,False,False,5331.587,0
1259,10033,4,2,57,18.0,False,False,False,5336.217,4.63
1259,10033,63,3,57,15.0,False,False,False,5369.231,37.644
1259,10033,1,4,57,12.0,False,False,False,5371.543,39.956
1259,10033,23,5,57,10.0,False,False,False,5379.654,48.067
1259,10033,12,6,57,8.0,False,False,False,5387.089,55.502
1259,10033,16,7,57,6.0,False,False,False,5388.623,57.036
1259,10033,44,8,57,4.0,False,False,False,5391.773,60.186
1259,10033,55,9,57,2.0,False,False,False,5392.164,60.577
1259,10033,22,10,57,1.0,False,False,False,5406.021,74.434
1259,10033,6,11,57,0.0,False,False,False,5406.189,74.602
1259,10033,31,12,57,0.0,False,False,False,5413.593,82.006
1259,10033,10,13,57,0.0,False,False,False,5422.032,90.445
1259,10033,27,14,56,0.0,False,False,False,,+1 LAP
1259,10033,14,15,56,0.0,False,False,False,,+1 LAP
1259,10033,18,16,56,0.0,False,False,False,,+1 LAP
1259,10033,30,,36,0.0,True,False,False,,
1259,10033,5,,30,0.0,True,False,False,,
1259,10033,87,,27,0.0,True,False,False,,
1259,10033,7,,0,0.0,True,False,False,,
1260,9987,1,1,63,25.0,False,False,False,5493.199,0
1260,9987,4,2,63,18.0,False,False,False,5499.308,6.109
1260,9987,81,3,63,15.0,False,False,False,5506.155,12.956
1260,9987,44,4,63,12.0,False,False,False,5507.555,14.356
1260,9987,23,5,63,10.0,False,False,False,5511.144,17.945
1260,9987,16,6,63,8.0,False,False,False,5513.973,20.774
1260,9987,63,7,63,6.0,False,False,False,5515.233,22.034
1260,9987,55,8,63,4.0,False,False,False,5516.097,22.898
1260,9987,6,9,63,2.0,False,False,False,5516.785,23.586
1260,9987,22,10,63,1.0,False,False,False,5519.645,26.446
1260,9987,14,11,63,0.0,False,False,False,5520.449,27.25
1260,9987,27,12,63,0.0,False,False,False,5523.495,30.296
1260,9987,10,13,63,0.0,False,False,False,5524.623,31.424
1260,9987,30,14,63,0.0,False,False,False,5525.71,32.511
1260,9987,18,15,63,0.0,False,False,False,5526.192,32.993
1260,9987,43,16,63,0.0,False,False,False,5526.61,33.411
1260,9987,87,17,63,0.0,False,False,False,5527.007,33.808
1260,9987,5,18,63,0.0,False,False,False,5531.771,38.572
1260,9987,12,,44,0.0,True,False,False,,
1260,9987,31,,27,0.0,True,False,False,,
1261,9979,4,1,78,25.0,False,False,False,6033.843,0
1261,9979,16,2,78,18.0,False,False,False,6036.974,3.131
1261,9979,81,3,78,15.0,False,False,False,6037.501,3.658
1261,9979,1,4,78,12.0,False,False,False,6054.415,20.572
1261,9979,44,5,78,10.0,False,False,False,6085.23,51.387
1261,9979,6,6,77,8.0,False,False,False,,+1 LAP
1261,9979,31,7,77,6.0,False,False,False,,+1 LAP
1261,9979,30,8,77,4.0,False,False,False,,+1 LAP
1261,9979,23,9,76,2.0,False,False,False,,+2 LAPS
1261,9979,55,10,76,1.0,False,False,False,,+2 LAPS
1261,9979,63,11,76,0.0,False,False,False,,+2 LAPS
1261,9979,87,12,76,0.0,False,False,False,,+2 LAPS
1261,9979,43,13,76,0.0,False,False,False,,+2 LAPS
1261,9979,5,14,76,0.0,False,False,False,,+2 LAPS
1261,9979,18,15,76,0.0,False,False,False,,+2 LAPS
1261,9979,27,16,76,0.0,False,False,False,,+2 LAPS
1261,9979,22,17,76,0.0,False,False,False,,+2 LAPS
1261,9979,12,18,75,0.0,False,False,False,,+3 LAPS
1261,9979,14,,36,0.0,True,False,False,,
1261,9979,10,,7,0.0,True,False,False,,
1262,9971,81,1,66,25.0,False,False,False,5577.375,0
1262,9971,4,2,66,18.0,False,False,False,5579.846,2.471
1262,9971,16,3,66,15.0,False,False,False,5587.83,10.455
1262,9971,63,4,66,12.0,False,False,False,5588.734,11.359
1262,9971,27,5,66,10.0,False,False,False,5591.023,13.648
1262,9971,44,6,66,8.0,False,False,False,5592.883,15.508
1262,9971,6,7,66,6.0,False,False,False,5593.397,16.022
1262,9971,10,8,66,4.0,False,False,False,5595.257,17.882
1262,9971,14,9,66,2.0,False,False,False,5598.939,21.564
1262,9971,1,10,66,1.0,False,False,False,5599.201,21.826
1262,9971,30,11,66,0.0,False,False,False,5602.907,25.532
1262,9971,5,12,66,0.0,False,False,False,5603.371,25.996
1262,9971,22,13,66,0.0,False,False,False,5606.197,28.822
1262,9971,55,14,66,0.0,False,False,False,5606.684,29.309
1262,9971,43,15,66,0.0,False,False,False,5608.756,31.381
1262,9971,31,16,66,0.0,False,False,False,5609.572,32.197
1262,9971,87,17,66,0.0,False,False,False,5614.44,37.065
1262,9971,12,,53,0.0,True,False,False,,
1262,9971,23,,27,0.0,True,False,False,,
1263,9963,63,1,70,25.0,False,False,False,5512.688,0
1263,9963,1,2,70,18.0,False,False,False,5512.916,0.228
1263,9963,12,3,70,15.0,False,False,False,5513.702,1.014
1263,9963,81,4,70,12.0,False,False,False,5514.797,2.109
1263,9963,16,5,70,10.0,False,False,False,5516.13,3.442
1263,9963,44,6,70,8.0,False,False,False,5523.401,10.713
1263,9963,14,7,70,6.0,False,False,False,5523.66,10.972
1263,9963,27,8,70,4.0,False,False,False,5528.052,15.364
1263,9963,31,9,69,2.0,False,False,False,,+1 LAP
1263,9963,55,10,69,1.0,False,False,False,,+1 LAP
1263,9963,87,11,69,0.0,False,False,False,,+1 LAP
1263,9963,22,12,69,0.0,False,False,False,,+1 LAP
1263,9963,43,13,69,0.0,False,False,False,,+1 LAP
1263,9963,5,14,69,0.0,False,False,False,,+1 LAP
1263,9963,10,15,69,0.0,False,False,False,,+1 LAP
1263,9963,6,16,69,0.0,False,False,False,,+1 LAP
1263,9963,18,17,69,0.0,False,False,False,,+1 LAP
1263,9963,4,18,66,0.0,True,False,False,,
1263,9963,30,,53,0.0,True,False,False,,
1263,9963,23,,46,0.0,True,False,False,,
1264,9955,4,1,70,25.0,False,False,False,5027.693,0
1264,9955,81,2,70,18.0,False,False,False,5030.388,2.695
1264,9955,16,3,70,15.0,False,False,False,5047.513,19.82
1264,9955,44,4,70,12.0,False,False,False,5056.713,29.02
1264,9955,63,5,70,10.0,False,False,False,5090.089,62.396
1264,9955,30,6,70,8.0,False,False,False,5095.447,67.754
1264,9955,14,7,69,6.0,False,False,False,,+1 LAP
1264,9955,5,8,69,4.0,False,False,False,,+1 LAP
1264,9955,27,9,69,2.0,False,False,False,,+1 LAP
1264,9955,31,10,69,1.0,False,False,False,,+1 LAP
1264,9955,87,11,69,0.0,False,False,False,,+1 LAP
1264,9955,6,12,69,0.0,False,False,False,,+1 LAP
1264,9955,10,13,69,0.0,False,False,False,,+1 LAP
1264,9955,18,14,69,0.0,False,False,False,,+1 LAP
1264,9955,43,15,69,0.0,False,False,False,,+1 LAP
1264,9955,22,16,68,0.0,False,False,False,,+2 LAPS
1264,9955,23,,15,0.0,True,False,False,,
1264,9955,1,,0,0.0,True,False,False,,
1264,9955,12,,0,0.0,True,False,False,,
1264,9955,55,,0,0.0,False,True,False,,
1277,9947,4,1,52,25.0,False,False,False,5835.735,0
1277,9947,81,2,52,18.0,False,False,False,5842.547,6.812
1277,9947,27,3,52,15.0,False,False,False,5870.477,34.742
1277,9947,44,4,52,12.0,False,False,False,5875.547,39.812
1277,9947,1,5,52,10.0,False,False,False,5892.516,56.781
1277,9947,10,6,52,8.0,False,False,False,5895.592,59.857
1277,9947,18,7,52,6.0,False,False,False,5896.338,60.603
1277,9947,23,8,52,4.0,False,False,False,5899.87,64.135
1277,9947,14,9,52,2.0,False,False,False,5901.593,65.858
1277,9947,63,10,52,1.0,False,False,False,5906.409,70.674
1277,9947,87,11,52,0.0,False,False,False,5907.83,72.095
1277,9947,55,12,52,0.0,False,False,False,5912.327,76.592
1277,9947,31,13,52,0.0,False,False,False,5913.036,77.301
1277,9947,16,14,52,0.0,False,False,False,5920.212,84.477
1277,9947,22,15,51,0.0,False,False,False,,+1 LAP
1277,9947,12,,23,0.0,True,False,False,,
1277,9947,6,,17,0.0,True,False,False,,
1277,9947,5,,3,0.0,True,False,False,,
1277,9947,30,,0,0.0,True,False,False,,
1277,9947,43,,0,0.0,False,True,False,,
1265,9939,81,1,44,25.0,False,False,False,5122.601,0
1265,9939,4,2,44,18.0,False,False,False,5126.016,3.415
1265,9939,16,3,44,15.0,False,False,False,5142.786,20.185
1265,9939,1,4,44,12.0,False,False,False,5144.332,21.731
1265,9939,63,5,44,10.0,False,False,False,5157.464,34.863
1265,9939,23,6,44,8.0,False,False,False,5162.527,39.926
1265,9939,44,7,44,6.0,False,False,False,5163.28,40.679
1265,9939,30,8,44,4.0,False,False,False,5174.634,52.033
1265,9939,5,9,44,2.0,False,False,False,5179.035,56.434
1265,9939,10,10,44,1.0,False,False,False,5195.315,72.714
1265,9939,87,11,44,0.0,False,False,False,5195.746,73.145
1265,9939,27,12,44,0.0,False,False,False,5196.229,73.628
1265,9939,22,13,44,0.0,False,False,False,5197.996,75.395
1265,9939,18,14,44,0.0,False,False,False,5202.432,79.831
1265,9939,31,15,44,0.0,False,False,False,5208.664,86.063
1265,9939,12,16,44,0.0,False,False,False,5209.322,86.721
1265,9939,14,17,44,0.0,False,False,False,5210.525,87.924
1265,9939,55,18,44,0.0,False,False,False,5214.625,92.024
1265,9939,43,19,44,0.0,False,False,False,5217.851,95.25
1265,9939,6,20,43,0.0,False,False,False,,+1 LAP
1266,9928,4,1,70,25.0,False,False,False,5721.231,0
1266,9928,81,2,70,18.0,False,False,False,5721.929,0.698
1266,9928,63,3,70,15.0,False,False,False,5743.147,21.916
1266,9928,16,4,70,12.0,False,False,False,5763.791,42.56
1266,9928,14,5,70,10.0,False,False,False,5780.271,59.04
1266,9928,5,6,70,8.0,False,False,False,5787.4,66.169
1266,9928,18,7,70,6.0,False,False,False,5789.405,68.174
1266,9928,30,8,70,4.0,False,False,False,5790.682,69.451
1266,9928,1,9,70,2.0,False,False,False,5793.876,72.645
1266,9928,12,10,69,1.0,False,False,False,,+1 LAP
1266,9928,6,11,69,0.0,False,False,False,,+1 LAP
1266,9928,44,12,69,0.0,False,False,False,,+1 LAP
1266,9928,27,13,69,0.0,False,False,False,,+1 LAP
1266,9928,55,14,69,0.0,False,False,False,,+1 LAP
1266,9928,23,15,69,0.0,False,False,False,,+1 LAP
1266,9928,31,16,69,0.0,False,False,False,,+1 LAP
1266,9928,22,17,69,0.0,False,False,False,,+1 LAP
1266,9928,43,18,69,0.0,False,False,False,,+1 LAP
1266,9928,10,19,69,0.0,False,False,False,,+1 LAP
1266,9928,87,,48,0.0,True,False,False,,
1267,9920,81,1,72,25.0,False,False,False,5909.849,0
1267,9920,1,2,72,18.0,False,False,False,5911.12,1.271
1267,9920,6,3,72,15.0,False,False,False,5913.082,3.233
1267,9920,63,4,72,12.0,False,False,False,5915.503,5.654
1267,9920,23,5,72,10.0,False,False,False,5916.176,6.327
1267,9920,87,6,72,8.0,False,False,False,5918.893,9.044
1267,9920,18,7,72,6.0,False,False,False,5919.346,9.497
1267,9920,14,8,72,4.0,False,False,False,5921.558,11.709
1267,9920,22,9,72,2.0,False,False,False,5923.446,13.597
1267,9920,31,10,72,1.0,False,False,False,5923.912,14.063
1267,9920,43,11,72,0.0,False,False,False,5924.36,14.511
1267,9920,30,12,72,0.0,False,False,False,5926.912,17.063
1267,9920,55,13,72,0.0,False,False,False,5927.225,17.376
1267,9920,27,14,72,0.0,False,False,False,5929.574,19.725
1267,9920,5,15,72,0.0,False,False,False,5931.414,21.565
1267,9920,12,16,72,0.0,False,False,False,5931.878,22.029
1267,9920,10,17,72,0.0,False,False,False,5933.478,23.629
1267,9920,4,18,64,0.0,True,False,False,,
1267,9920,16,,52,0.0,True,False,False,,
1267,9920,44,,22,0.0,True,False,False,,
1268,9912,1,1,53,25.0,False,False,False,4404.325,0
1268,9912,4,2,53,18.0,False,False,False,4423.532,19.207
1268,9912,81,3,53,15.0,False,False,False,4425.676,21.351
1268,9912,16,4,53,12.0,False,False,False,4429.949,25.624
1268,9912,63,5,53,10.0,False,False,False,4437.206,32.881
1268,9912,44,6,53,8.0,False,False,False,4441.774,37.449
1268,9912,23,7,53,6.0,False,False,False,4454.862,50.537
1268,9912,5,8,53,4.0,False,False,False,4462.809,58.484
1268,9912,12,9,53,2.0,False,False,False,4464.087,59.762
1268,9912,6,10,53,1.0,False,False,False,4468.216,63.891
1268,9912,55,11,53,0.0,False,False,False,4468.794,64.469
1268,9912,87,12,53,0.0,False,False,False,4483.613,79.288
1268,9912,22,13,53,0.0,False,False,False,4485.026,80.701
1268,9912,30,14,53,0.0,False,False,False,4486.676,82.351
1268,9912,31,15,52,0.0,False,False,False,,+1 LAP
1268,9912,10,16,52,0.0,False,False,False,,+1 LAP
1268,9912,43,17,52,0.0,False,False,False,,+1 LAP
1268,9912,18,18,52,0.0,False,False,False,,+1 LAP
1268,9912,14,,24,0.0,True,False,False,,
1268,9912,27,,0,0.0,False,True,False,,
1269,9904,1,1,51,25.0,False,False,False,5606.408,0
1269,9904,63,2,51,18.0,False,False,False,5621.017,14.609
1269,9904,55,3,51,15.0,False,False,False,5625.607,19.199
1269,9904,12,4,51,12.0,False,False,False,5628.168,21.76
1269,9904,30,5,51,10.0,False,False,False,5639.698,33.29
1269,9904,22,6,51,8.0,False,False,False,5640.216,33.808
1269,9904,4,7,51,6.0,False,False,False,5640.635,34.227
1269,9904,44,8,51,4.0,False,False,False,5642.718,36.31
1269,9904,16,9,51,2.0,False,False,False,5643.182,36.774
1269,9904,6,10,51,1.0,False,False,False,5645.39,38.982
1269,9904,5,11,51,0.0,False,False,False,5674.014,67.606
1269,9904,87,12,51,0.0,False,False,False,5674.67,68.262
1269,9904,23,13,51,0.0,False,False,False,5679.278,72.87
1269,9904,31,14,51,0.0,False,False,False,5683.988,77.58
1269,9904,14,15,51,0.0,False,False,False,5685.115,78.707
1269,9904,27,16,51,0.0,False,False,False,5686.645,80.237
1269,9904,18,17,51,0.0,False,False,False,5702.8,96.392
1269,9904,10,18,50,0.0,False,False,False,,+1 LAP
1269,9904,43,19,50,0.0,False,False,False,,+1 LAP
1269,9904,81,,0,0.0,True,False,False,,
1270,9896,63,1,62,25.0,False,False,False,6022.367,0
1270,9896,1,2,62,18.0,False,False,False,6027.797,5.43
1270,9896,4,3,62,15.0,False,False,False,6028.433,6.066
1270,9896,81,4,62,12.0,False,False,False,6030.513,8.146
1270,9896,12,5,62,10.0,False,False,False,6056.048,33.681
1270,9896,16,6,62,8.0,False,False,False,6068.363,45.996
1270,9896,14,7,62,6.0,False,False,False,6103.034,80.667
1270,9896,44,8,62,4.0,False,False,False,6107.618,85.251
1270,9896,87,9,62,2.0,False,False,False,6115.894,93.527
1270,9896,55,10,61,1.0,False,False,False,,+1 LAP
1270,9896,6,11,61,0.0,False,False,False,,+1 LAP
1270,9896,22,12,61,0.0,False,False,False,,+1 LAP
1270,9896,18,13,61,0.0,False,False,False,,+1 LAP
1270,9896,23,14,61,0.0,False,False,False,,+1 LAP
1270,9896,30,15,61,0.0,False,False,False,,+1 LAP
1270,9896,43,16,61,0.0,False,False,False,,+1 LAP
1270,9896,5,17,61,0.0,False,False,False,,+1 LAP
1270,9896,31,18,61,0.0,False,False,False,,+1 LAP
1270,9896,10,19,61,0.0,False,False,False,,+1 LAP
1270,9896,27,20,61,0.0,False,False,False,,+1 LAP
1271,9888,1,1,56,25.0,False,False,False,5640.161,0
1271,9888,4,2,56,18.0,False,False,False,5648.12,7.959
1271,9888,16,3,56,15.0,False,False,False,5655.534,15.373
1271,9888,44,4,56,12.0,False,False,False,5668.697,28.536
1271,9888,81,5,56,10.0,False,False,False,5669.839,29.678
1271,9888,63,6,56,8.0,False,False,False,5673.617,33.456
1271,9888,22,7,56,6.0,False,False,False,5692.875,52.714
1271,9888,27,8,56,4.0,False,False,False,5697.41,57.249
1271,9888,87,9,56,2.0,False,False,False,5704.883,64.722
1271,9888,14,10,56,1.0,False,False,False,5710.162,70.001
1271,9888,30,11,56,0.0,False,False,False,5713.37,73.209
1271,9888,18,12,56,0.0,False,False,False,5714.939,74.778
1271,9888,12,13,56,0.0,False,False,False,5715.907,75.746
1271,9888,23,14,56,0.0,False,False,False,5720.161,80.0
1271,9888,31,15,56,0.0,False,False,False,5723.204,83.043
1271,9888,6,16,56,0.0,False,False,False,5732.968,92.807
1271,9888,43,17,55,0.0,False,False,False,,+1 LAP
1271,9888,5,18,55,0.0,False,False,False,,+1 LAP
1271,9888,10,19,55,0.0,False,False,False,,+1 LAP
1271,9888,55,,5,0.0,True,False,False,,
1272,9877,4,1,71,25.0,False,False,False,5878.574,0
1272,9877,16,2,71,18.0,False,False,False,5908.898,30.324
1272,9877,1,3,71,15.0,False,False,False,5909.623,31.049
1272,9877,87,4,71,12.0,False,False,False,5919.529,40.955
1272,9877,81,5,71,10.0,False,False,False,5920.639,42.065
1272,9877,12,6,71,8.0,False,False,False,5926.411,47.837
1272,9877,63,7,71,6.0,False,False,False,5928.861,50.287
1272,9877,44,8,71,4.0,False,False,False,5935.02,56.446
1272,9877,31,9,71,2.0,False,False,False,5954.038,75.464
1272,9877,5,10,71,1.0,False,False,False,5955.437,76.863
1272,9877,22,11,71,0.0,False,False,False,5957.622,79.048
1272,9877,23,12,70,0.0,False,False,False,,+1 LAP
1272,9877,6,13,70,0.0,False,False,False,,+1 LAP
1272,9877,18,14,70,0.0,False,False,False,,+1 LAP
1272,9877,10,15,70,0.0,False,False,False,,+1 LAP
1272,9877,43,16,70,0.0,False,False,False,,+1 LAP
1272,9877,55,17,67,0.0,True,False,False,,
1272,9877,14,,34,0.0,True,False,False,,
1272,9877,27,,25,0.0,True,False,False,,
1272,9877,30,,5,0.0,True,False,False,,
1273,9869,4,1,71,25.0,False,False,False,5521.596,0
1273,9869,12,2,71,18.0,False,False,False,5531.984,10.388
1273,9869,1,3,71,15.0,False,False,False,5532.346,10.75
1273,9869,63,4,71,12.0,False,False,False,5536.863,15.267
1273,9869,81,5,71,10.0,False,False,False,5537.345,15.749
1273,9869,87,6,71,8.0,False,False,False,5551.226,29.63
1273,9869,30,7,71,6.0,False,False,False,5574.238,52.642
1273,9869,6,8,71,4.0,False,False,False,5574.469,52.873
1273,9869,27,9,71,2.0,False,False,False,5574.92,53.324
1273,9869,10,10,71,1.0,False,False,False,5575.51,53.914
1273,9869,23,11,71,0.0,False,False,False,5575.78,54.184
1273,9869,31,12,71,0.0,False,False,False,5576.292,54.696
1273,9869,55,13,71,0.0,False,False,False,5577.016,55.42
1273,9869,14,14,71,0.0,False,False,False,5577.362,55.766
1273,9869,43,15,71,0.0,False,False,False,5579.373,57.777
1273,9869,18,16,71,0.0,False,False,False,5579.843,58.247
1273,9869,22,17,71,0.0,False,False,False,5590.772,69.176
1273,9869,44,,37,0.0,True,False,False,,
1273,9869,16,,5,0.0,True,False,False,,
1273,9869,5,,0,0.0,True,False,False,,
1274,9858,1,1,50,25.0,False,False,False,4868.429,0
1274,9858,63,2,50,18.0,False,False,False,4891.975,23.546
1274,9858,12,3,50,15.0,False,False,False,4898.917,30.488
1274,9858,16,4,50,12.0,False,False,False,4899.107,30.678
1274,9858,55,5,50,10.0,False,False,False,4903.353,34.924
1274,9858,6,6,50,8.0,False,False,False,4913.686,45.257
1274,9858,27,7,50,6.0,False,False,False,4919.563,51.134
1274,9858,44,8,50,4.0,False,False,False,4927.798,59.369
1274,9858,31,9,50,2.0,False,False,False,4929.064,60.635
1274,9858,87,10,50,1.0,False,False,False,4938.978,70.549
1274,9858,14,11,50,0.0,False,False,False,4953.737,85.308
1274,9858,22,12,50,0.0,False,False,False,4955.403,86.974
1274,9858,10,13,50,0.0,False,False,False,4960.131,91.702
1274,9858,30,14,49,0.0,False,False,False,,+1 LAP
1274,9858,43,15,49,0.0,False,False,False,,+1 LAP
1274,9858,23,,35,0.0,True,False,False,,
1274,9858,5,,2,0.0,True,False,False,,
1274,9858,18,,0,0.0,True,False,False,,
1274,9858,4,,,0.0,False,False,True,,
1274,9858,81,,,0.0,False,False,True,,
1275,9850,1,1,57,25.0,False,False,False,5078.241,0
1275,9850,81,2,57,18.0,False,False,False,5086.236,7.995
1275,9850,55,3,57,15.0,False,False,False,5100.906,22.665
1275,9850,4,4,57,12.0,False,False,False,5101.556,23.315
1275,9850,12,5,57,10.0,False,False,False,5106.558,28.317
1275,9850,63,6,57,8.0,False,False,False,5126.84,48.599
1275,9850,14,7,57,6.0,False,False,False,5132.286,54.045
1275,9850,16,8,57,4.0,False,False,False,5135.026,56.785
1275,9850,30,9,57,2.0,False,False,False,5138.314,60.073
1275,9850,22,10,57,1.0,False,False,False,5140.011,61.77
1275,9850,23,11,57,0.0,False,False,False,5145.172,66.931
1275,9850,44,12,57,0.0,False,False,False,5155.971,77.73
1275,9850,5,13,57,0.0,False,False,False,5163.053,84.812
1275,9850,43,14,56,0.0,False,False,False,,+1 LAP
1275,9850,31,15,56,0.0,False,False,False,,+1 LAP
1275,9850,10,16,56,0.0,False,False,False,,+1 LAP
1275,9850,18,17,55,0.0,True,False,False,,
1275,9850,6,18,55,0.0,True,False,False,,
1275,9850,87,,41,0.0,True,False,False,,
1275,9850,27,,6,0.0,True,False,False,,
1276,9839,1,1,58,25.0,False,False,False,5167.469,0
1276,9839,81,2,58,18.0,False,False,False,5180.063,12.594
1276,9839,4,3,58,15.0,False,False,False,5184.041,16.572
1276,9839,16,4,58,12.0,False,False,False,5190.748,23.279
1276,9839,63,5,58,10.0,False,False,False,5216.032,48.563
1276,9839,14,6,58,8.0,False,False,False,5235.031,67.562
1276,9839,31,7,58,6.0,False,False,False,5237.345,69.876
1276,9839,44,8,58,4.0,False,False,False,5240.139,72.67
1276,9839,27,9,58,2.0,False,False,False,5246.483,79.014
1276,9839,18,10,58,1.0,False,False,False,5246.992,79.523
1276,9839,5,11,58,0.0,False,False,False,5248.512,81.043
1276,9839,87,12,58,0.0,False,False,False,5248.635,81.166
1276,9839,55,13,58,0.0,False,False,False,5249.627,82.158
1276,9839,22,14,58,0.0,False,False,False,5251.263,83.794
1276,9839,12,15,58,0.0,False,False,False,5251.868,84.399
1276,9839,23,16,58,0.0,False,False,False,5257.796,90.327
1276,9839,6,17,57,0.0,False,False,False,,+1 LAP
1276,9839,30,18,57,0.0,False,False,False,,+1 LAP
1276,9839,10,19,57,0.0,False,False,False,,+1 LAP
1276,9839,43,20,57,0.0,False,False,False,,+1 LAP
