session_key,meeting_key,session_type,session_name,date_start,date_end,year,is_cancelled
9686,1254,Practice,Practice 1,2025-03-14 01:30:00+00:00,2025-03-14 02:30:00+00:00,2025,False
9687,1254,Practice,Practice 2,2025-03-14 05:00:00+00:00,2025-03-14 06:00:00+00:00,2025,False
9688,1254,Practice,Practice 3,2025-03-15 01:30:00+00:00,2025-03-15 02:30:00+00:00,2025,False
9689,1254,Qualifying,Qualifying,2025-03-15 05:00:00+00:00,2025-03-15 06:00:00+00:00,2025,False
9693,1254,Race,Race,2025-03-16 04:00:00+00:00,2025-03-16 06:00:00+00:00,2025,False
9988,1255,Practice,Practice 1,2025-03-21 03:30:00+00:00,2025-03-21 04:30:00+00:00,2025,False
9989,1255,Qualifying,Sprint Qualifying,2025-03-21 07:30:00+00:00,2025-03-21 08:14:00+00:00,2025,False
9993,1255,Race,Sprint,2025-03-22 03:00:00+00:00,2025-03-22 04:00:00+00:00,2025,False
9994,1255,Qualifying,Qualifying,2025-03-22 07:00:00+00:00,2025-03-22 08:00:00+00:00,2025,False
9998,1255,Race,Race,2025-03-23 07:00:00+00:00,2025-03-23 09:00:00+00:00,2025,False
9999,1256,Practice,Practice 1,2025-04-04 02:30:00+00:00,2025-04-04 03:30:00+00:00,2025,False
10000,1256,Practice,Practice 2,2025-04-04 06:00:00+00:00,2025-04-04 07:00:00+00:00,2025,False
10001,1256,Practice,Practice 3,2025-04-05 02:30:00+00:00,2025-04-05 03:30:00+00:00,2025,False
10002,1256,Qualifying,Qualifying,2025-04-05 06:00:00+00:00,2025-04-05 07:00:00+00:00,2025,False
10006,1256,Race,Race,2025-04-06 05:00:00+00:00,2025-04-06 07:00:00+00:00,2025,False
10007,1257,Practice,Practice 1,2025-04-11 11:30:00+00:00,2025-04-11 12:30:00+00:00,2025,False
10008,1257,Practice,Practice 2,2025-04-11 15:00:00+00:00,2025-04-11 16:00:00+00:00,2025,False
10009,1257,Practice,Practice 3,2025-04-12 12:30:00+00:00,2025-04-12 13:30:00+00:00,2025,False
10010,1257,Qualifying,Qualifying,2025-04-12 16:00:00+00:00,2025-04-12 17:00:00+00:00,2025,False
10014,1257,Race,Race,2025-04-13 15:00:00+00:00,2025-04-13 17:00:00+00:00,2025,False
10015,1258,Practice,Practice 1,2025-04-18 13:30:00+00:00,2025-04-18 14:30:00+00:00,2025,False
10016,1258,Practice,Practice 2,2025-04-18 17:00:00+00:00,2025-04-18 18:00:00+00:00,2025,False
10017,1258,Practice,Practice 3,2025-04-19 13:30:00+00:00,2025-04-19 14:30:00+00:00,2025,False
10018,1258,Qualifying,Qualifying,2025-04-19 17:00:00+00:00,2025-04-19 18:00:00+00:00,2025,False
10022,1258,Race,Race,2025-04-20 17:00:00+00:00,2025-04-20 19:00:00+00:00,2025,False
10023,1259,Practice,Practice 1,2025-05-02 16:30:00+00:00,2025-05-02 17:30:00+00:00,2025,False
10024,1259,Qualifying,Sprint Qualifying,2025-05-02 20:30:00+00:00,2025-05-02 21:14:00+00:00,2025,False
10028,1259,Race,Sprint,2025-05-03 16:00:00+00:00,2025-05-03 16:30:00+00:00,2025,False
10029,1259,Qualifying,Qualifying,2025-05-03 20:00:00+00:00,2025-05-03 21:00:00+00:00,2025,False
10033,1259,Race,Race,2025-05-04 20:00:00+00:00,2025-05-04 22:00:00+00:00,2025,False
9980,1260,Practice,Practice 1,2025-05-16 11:30:00+00:00,2025-05-16 12:30:00+00:00,2025,False
9981,1260,Practice,Practice 2,2025-05-16 15:00:00+00:00,2025-05-16 16:00:00+00:00,2025,False
9982,1260,Practice,Practice 3,2025-05-17 10:30:00+00:00,2025-05-17 11:30:00+00:00,2025,False
9983,1260,Qualifying,Qualifying,2025-05-17 14:00:00+00:00,2025-05-17 15:00:00+00:00,2025,False
9987,1260,Race,Race,2025-05-18 13:00:00+00:00,2025-05-18 15:00:00+00:00,2025,False
9972,1261,Practice,Practice 1,2025-05-23 11:30:00+00:00,2025-05-23 12:30:00+00:00,2025,False
9973,1261,Practice,Practice 2,2025-05-23 15:00:00+00:00,2025-05-23 16:00:00+00:00,2025,False
9974,1261,Practice,Practice 3,2025-05-24 10:30:00+00:00,2025-05-24 11:30:00+00:00,2025,False
9975,1261,Qualifying,Qualifying,2025-05-24 14:00:00+00:00,2025-05-24 15:00:00+00:00,2025,False
9979,1261,Race,Race,2025-05-25 13:00:00+00:00,2025-05-25 15:00:00+00:00,2025,False
9964,1262,Practice,Practice 1,2025-05-30 11:30:00+00:00,2025-05-30 12:30:00+00:00,2025,False
9965,1262,Practice,Practice 2,2025-05-30 15:00:00+00:00,2025-05-30 16:00:00+00:00,2025,False
9966,1262,Practice,Practice 3,2025-05-31 10:30:00+00:00,2025-05-31 11:30:00+00:00,2025,False
9967,1262,Qualifying,Qualifying,2025-05-31 14:00:00+00:00,2025-05-31 15:00:00+00:00,2025,False
9971,1262,Race,Race,2025-06-01 13:00:00+00:00,2025-06-01 15:00:00+00:00,2025,False
9956,1263,Practice,Practice 1,2025-06-13 17:30:00+00:00,2025-06-13 18:30:00+00:00,2025,False
9957,1263,Practice,Practice 2,2025-06-13 21:00:00+00:00,2025-06-13 22:00:00+00:00,2025,False
9958,1263,Practice,Practice 3,2025-06-14 16:30:00+00:00,2025-06-14 17:30:00+00:00,2025,False
9959,1263,Qualifying,Qualifying,2025-06-14 20:00:00+00:00,2025-06-14 21:00:00+00:00,2025,False
9963,1263,Race,Race,2025-06-15 18:00:00+00:00,2025-06-15 20:00:00+00:00,2025,False
9948,1264,Practice,Practice 1,2025-06-27 11:30:00+00:00,2025-06-27 12:30:00+00:00,2025,False
9949,1264,Practice,Practice 2,2025-06-27 15:00:00+00:00,2025-06-27 16:00:00+00:00,2025,False
9950,1264,Practice,Practice 3,2025-06-28 10:30:00+00:00,2025-06-28 11:30:00+00:00,2025,False
9951,1264,Qualifying,Qualifying,2025-06-28 14:00:00+00:00,2025-06-28 15:00:00+00:00,2025,False
9955,1264,Race,Race,2025-06-29 13:00:00+00:00,2025-06-29 15:00:00+00:00,2025,False
9940,1277,Practice,Practice 1,2025-07-04 11:30:00+00:00,2025-07-04 12:30:00+00:00,2025,False
9941,1277,Practice,Practice 2,2025-07-04 15:00:00+00:00,2025-07-04 16:00:00+00:00,2025,False
9942,1277,Practice,Practice 3,2025-07-05 10:30:00+00:00,2025-07-05 11:30:00+00:00,2025,False
9943,1277,Qualifying,Qualifying,2025-07-05 14:00:00+00:00,2025-07-05 15:00:00+00:00,2025,False
9947,1277,Race,Race,2025-07-06 14:00:00+00:00,2025-07-06 16:00:00+00:00,2025,False
9929,1265,Practice,Practice 1,2025-07-25 10:30:00+00:00,2025-07-25 11:30:00+00:00,2025,False
9930,1265,Qualifying,Sprint Qualifying,2025-07-25 14:30:00+00:00,2025-07-25 15:14:00+00:00,2025,False
9934,1265,Race,Sprint,2025-07-26 10:00:00+00:00,2025-07-26 10:30:00+00:00,2025,False
9935,1265,Qualifying,Qualifying,2025-07-26 14:00:00+00:00,2025-07-26 15:00:00+00:00,2025,False
9939,1265,Race,Race,2025-07-27 13:00:00+00:00,2025-07-27 15:00:00+00:00,2025,False
9921,1266,Practice,Practice 1,2025-08-01 11:30:00+00:00,2025-08-01 12:30:00+00:00,2025,False
9922,1266,Practice,Practice 2,2025-08-01 15:00:00+00:00,2025-08-01 16:00:00+00:00,2025,False
9923,1266,Practice,Practice 3,2025-08-02 10:30:00+00:00,2025-08-02 11:30:00+00:00,2025,False
9924,1266,Qualifying,Qualifying,2025-08-02 14:00:00+00:00,2025-08-02 15:00:00+00:00,2025,False
9928,1266,Race,Race,2025-08-03 13:00:00+00:00,2025-08-03 15:00:00+00:00,2025,False
9913,1267,Practice,Practice 1,2025-08-29 10:30:00+00:00,2025-08-29 11:30:00+00:00,2025,False
9914,1267,Practice,Practice 2,2025-08-29 14:00:00+00:00,2025-08-29 15:00:00+00:00,2025,False
9915,1267,Practice,Practice 3,2025-08-30 09:30:00+00:00,2025-08-30 10:30:00+00:00,2025,False
9916,1267,Qualifying,Qualifying,2025-08-30 13:00:00+00:00,2025-08-30 14:00:00+00:00,2025,False
9920,1267,Race,Race,2025-08-31 13:00:00+00:00,2025-08-31 15:00:00+00:00,2025,False
9905,1268,Practice,Practice 1,2025-09-05 11:30:00+00:00,2025-09-05 12:30:00+00:00,2025,False
9906,1268,Practice,Practice 2,2025-09-05 15:00:00+00:00,2025-09-05 16:00:00+00:00,2025,False
9907,1268,Practice,Practice 3,2025-09-06 10:30:00+00:00,2025-09-06 11:30:00+00:00,2025,False
9908,1268,Qualifying,Qualifying,2025-09-06 14:00:00+00:00,2025-09-06 15:00:00+00:00,2025,False
9912,1268,Race,Race,2025-09-07 13:00:00+00:00,2025-09-07 15:00:00+00:00,2025,False
9897,1269,Practice,Practice 1,2025-09-19 08:30:00+00:00,2025-09-19 09:30:00+00:00,2025,False
9898,1269,Practice,Practice 2,2025-09-19 12:00:00+00:00,2025-09-19 13:00:00+00:00,2025,False
9899,1269,Practice,Practice 3,2025-09-20 08:30:00+00:00,2025-09-20 09:30:00+00:00,2025,False
9900,1269,Qualifying,Qualifying,2025-09-20 12:00:00+00:00,2025-09-20 13:00:00+00:00,2025,False
9904,1269,Race,Race,2025-09-21 11:00:00+00:00,2025-09-21 13:00:00+00:00,2025,False
9889,1270,Practice,Practice 1,2025-10-03 09:30:00+00:00,2025-10-03 10:30:00+00:00,2025,False
9890,1270,Practice,Practice 2,2025-10-03 13:00:00+00:00,2025-10-03 14:00:00+00:00,2025,False
9891,1270,Practice,Practice 3,2025-10-04 09:30:00+00:00,2025-10-04 10:30:00+00:00,2025,False
9892,1270,Qualifying,Qualifying,2025-10-04 13:00:00+00:00,2025-10-04 14:00:00+00:00,2025,False
9896,1270,Race,Race,2025-10-05 12:00:00+00:00,2025-10-05 14:00:00+00:00,2025,False
9878,1271,Practice,Practice 1,2025-10-17 17:30:00+00:00,2025-10-17 18:30:00+00:00,2025,False
9879,1271,Qualifying,Sprint Qualifying,2025-10-17 21:30:00+00:00,2025-10-17 22:14:00+00:00,2025,False
9883,1271,Race,Sprint,2025-10-18 17:00:00+00:00,2025-10-18 17:30:00+00:00,2025,False
9884,1271,Qualifying,Qualifying,2025-10-18 21:00:00+00:00,2025-10-18 22:00:00+00:00,2025,False
9888,1271,Race,Race,2025-10-19 19:00:00+00:00,2025-10-19 21:00:00+00:00,2025,False
9870,1272,Practice,Practice 1,2025-10-24 18:30:00+00:00,2025-10-24 19:30:00+00:00,2025,False
9871,1272,Practice,Practice 2,2025-10-24 22:00:00+00:00,2025-10-24 23:00:00+00:00,2025,False
9872,1272,Practice,Practice 3,2025-10-25 17:30:00+00:00,2025-10-25 18:30:00+00:00,2025,False
9873,1272,Qualifying,Qualifying,2025-10-25 21:00:00+00:00,2025-10-25 22:00:00+00:00,2025,False
9877,1272,Race,Race,2025-10-26 20:00:00+00:00,2025-10-26 22:00:00+00:00,2025,False
9859,1273,Practice,Practice 1,2025-11-07 14:30:00+00:00,2025-11-07 15:30:00+00:00,2025,False
9860,1273,Qualifying,Sprint Qualifying,2025-11-07 18:30:00+00:00,2025-11-07 19:14:00+00:00,2025,False
9864,1273,Race,Sprint,2025-11-08 14:00:00+00:00,2025-11-08 15:00:00+00:00,2025,False
9865,1273,Qualifying,Qualifying,2025-11-08 18:00:00+00:00,2025-11-08 19:00:00+00:00,2025,False
9869,1273,Race,Race,2025-11-09 17:00:00+00:00,2025-11-09 19:00:00+00:00,2025,False
9851,1274,Practice,Practice 1,2025-11-21 00:30:00+00:00,2025-11-21 01:30:00+00:00,2025,False
9852,1274,Practice,Practice 2,2025-11-21 04:00:00+00:00,2025-11-21 05:00:00+00:00,2025,False
9853,1274,Practice,Practice 3,2025-11-22 00:30:00+00:00,2025-11-22 01:30:00+00:00,2025,False
9854,1274,Qualifying,Qualifying,2025-11-22 04:00:00+00:00,2025-11-22 05:00:00+00:00,2025,False
9858,1274,Race,Race,2025-11-23 04:00:00+00:00,2025-11-23 06:00:00+00:00,2025,False
9840,1275,Practice,Practice 1,2025-11-28 13:30:00+00:00,2025-11-28 14:30:00+00:00,2025,False
9841,1275,Qualifying,Sprint Qualifying,2025-11-28 17:30:00+00:00,2025-11-28 18:14:00+00:00,2025,False
9845,1275,Race,Sprint,2025-11-29 14:00:00+00:00,2025-11-29 15:00:00+00:00,2025,False
9846,1275,Qualifying,Qualifying,2025-11-29 18:00:00+00:00,2025-11-29 19:00:00+00:00,2025,False
9850,1275,Race,Race,2025-11-30 16:00:00+00:00,2025-11-30 18:00:00+00:00,2025,False
9832,1276,Practice,Practice 1,2025-12-05 09:30:00+00:00,2025-12-05 10:30:00+00:00,2025,False
9833,1276,Practice,Practice 2,2025-12-05 13:00:00+00:00,2025-12-05 14:00:00+00:00,2025,False
9834,1276,Practice,Practice 3,2025-12-06 10:30:00+00:00,2025-12-06 11:30:00+00:00,2025,False
9835,1276,Qualifying,Qualifying,2025-12-06 14:00:00+00:00,2025-12-06 15:00:00+00:00,2025,False
9839,1276,Race,Race,2025-12-07 13:00:00+00:00,2025-12-07 15:00:00+00:00,2025,False
