meeting_key,session_key,round,race_name,driver_number,driver_code,driver_name,team_name,grid_position
1254,9693,1,Australian Grand Prix,4,NOR,Lando Norris,McLaren,1
1254,9693,1,Australian Grand Prix,1,VER,Max Verstappen,Red Bull,3
1254,9693,1,Australian Grand Prix,63,RUS,George Russell,Mercedes,4
1254,9693,1,Australian Grand Prix,12,ANT,Andrea Kimi Antonelli,Mercedes,16
1254,9693,1,Australian Grand Prix,23,ALB,Alexander Albon,Williams,6
1254,9693,1,Australian Grand Prix,18,STR,Lance Stroll,Aston Martin,13
1254,9693,1,Australian Grand Prix,27,HUL,Nico Hülkenberg,Sauber,17
1254,9693,1,Australian Grand Prix,16,LEC,Charles Leclerc,Ferrari,7
1254,9693,1,Australian Grand Prix,81,PIA,Oscar Piastri,McLaren,2
1254,9693,1,Australian Grand Prix,44,HAM,Lewis Hamilton,Ferrari,8
1254,9693,1,Australian Grand Prix,10,GAS,Pierre Gasly,Alpine F1 Team,9
1254,9693,1,Australian Grand Prix,22,TSU,Yuki Tsunoda,RB F1 Team,5
1254,9693,1,Australian Grand Prix,31,OCO,Esteban Ocon,Haas F1 Team,19
1254,9693,1,Australian Grand Prix,87,BEA,Oliver Bearman,Haas F1 Team,20
1254,9693,1,Australian Grand Prix,30,LAW,Liam Lawson,Red Bull,18
1254,9693,1,Australian Grand Prix,5,BOR,Gabriel Bortoleto,Sauber,15
1254,9693,1,Australian Grand Prix,14,ALO,Fernando Alonso,Aston Martin,12
1254,9693,1,Australian Grand Prix,55,SAI,Carlos Sainz,Williams,10
1254,9693,1,Australian Grand Prix,7,DOO,Jack Doohan,Alpine F1 Team,14
1254,9693,1,Australian Grand Prix,6,HAD,Isack Hadjar,RB F1 Team,11
1255,9998,2,Chinese Grand Prix,81,PIA,Oscar Piastri,McLaren,1
1255,9998,2,Chinese Grand Prix,4,NOR,Lando Norris,McLaren,3
1255,9998,2,Chinese Grand Prix,63,RUS,George Russell,Mercedes,2
1255,9998,2,Chinese Grand Prix,1,VER,Max Verstappen,Red Bull,4
1255,9998,2,Chinese Grand Prix,31,OCO,Esteban Ocon,Haas F1 Team,11
1255,9998,2,Chinese Grand Prix,12,ANT,Andrea Kimi Antonelli,Mercedes,8
1255,9998,2,Chinese Grand Prix,23,ALB,Alexander Albon,Williams,10
1255,9998,2,Chinese Grand Prix,87,BEA,Oliver Bearman,Haas F1 Team,17
1255,9998,2,Chinese Grand Prix,18,STR,Lance Stroll,Aston Martin,14
1255,9998,2,Chinese Grand Prix,55,SAI,Carlos Sainz,Williams,15
1255,9998,2,Chinese Grand Prix,6,HAD,Isack Hadjar,RB F1 Team,7
1255,9998,2,Chinese Grand Prix,30,LAW,Liam Lawson,Red Bull,20
1255,9998,2,Chinese Grand Prix,7,DOO,Jack Doohan,Alpine F1 Team,18
1255,9998,2,Chinese Grand Prix,5,BOR,Gabriel Bortoleto,Sauber,19
1255,9998,2,Chinese Grand Prix,27,HUL,Nico Hülkenberg,Sauber,12
1255,9998,2,Chinese Grand Prix,22,TSU,Yuki Tsunoda,RB F1 Team,9
1255,9998,2,Chinese Grand Prix,14,ALO,Fernando Alonso,Aston Martin,13
1255,9998,2,Chinese Grand Prix,16,LEC,Charles Leclerc,Ferrari,6
1255,9998,2,Chinese Grand Prix,44,HAM,Lewis Hamilton,Ferrari,5
1255,9998,2,Chinese Grand Prix,10,GAS,Pierre Gasly,Alpine F1 Team,16
1256,10006,3,Japanese Grand Prix,1,VER,Max Verstappen,Red Bull,1
1256,10006,3,Japanese Grand Prix,4,NOR,Lando Norris,McLaren,2
1256,10006,3,Japanese Grand Prix,81,PIA,Oscar Piastri,McLaren,3
1256,10006,3,Japanese Grand Prix,16,LEC,Charles Leclerc,Ferrari,4
1256,10006,3,Japanese Grand Prix,63,RUS,George Russell,Mercedes,5
1256,10006,3,Japanese Grand Prix,12,ANT,Andrea Kimi Antonelli,Mercedes,6
1256,10006,3,Japanese Grand Prix,44,HAM,Lewis Hamilton,Ferrari,8
1256,10006,3,Japanese Grand Prix,6,HAD,Isack Hadjar,RB F1 Team,7
1256,10006,3,Japanese Grand Prix,23,ALB,Alexander Albon,Williams,9
1256,10006,3,Japanese Grand Prix,87,BEA,Oliver Bearman,Haas F1 Team,10
1256,10006,3,Japanese Grand Prix,14,ALO,Fernando Alonso,Aston Martin,12
1256,10006,3,Japanese Grand Prix,22,TSU,Yuki Tsunoda,Red Bull,14
1256,10006,3,Japanese Grand Prix,10,GAS,Pierre Gasly,Alpine F1 Team,11
1256,10006,3,Japanese Grand Prix,55,SAI,Carlos Sainz,Williams,15
1256,10006,3,Japanese Grand Prix,7,DOO,Jack Doohan,Alpine F1 Team,19
1256,10006,3,Japanese Grand Prix,27,HUL,Nico Hülkenberg,Sauber,16
1256,10006,3,Japanese Grand Prix,30,LAW,Liam Lawson,RB F1 Team,13
1256,10006,3,Japanese Grand Prix,31,OCO,Esteban Ocon,Haas F1 Team,18
1256,10006,3,Japanese Grand Prix,5,BOR,Gabriel Bortoleto,Sauber,17
1256,10006,3,Japanese Grand Prix,18,STR,Lance Stroll,Aston Martin,20
1257,10014,4,Bahrain Grand Prix,81,PIA,Oscar Piastri,McLaren,1
1257,10014,4,Bahrain Grand Prix,63,RUS,George Russell,Mercedes,3
1257,10014,4,Bahrain Grand Prix,4,NOR,Lando Norris,McLaren,6
1257,10014,4,Bahrain Grand Prix,16,LEC,Charles Leclerc,Ferrari,2
1257,10014,4,Bahrain Grand Prix,44,HAM,Lewis Hamilton,Ferrari,9
1257,10014,4,Bahrain Grand Prix,1,VER,Max Verstappen,Red Bull,7
1257,10014,4,Bahrain Grand Prix,10,GAS,Pierre Gasly,Alpine F1 Team,4
1257,10014,4,Bahrain Grand Prix,31,OCO,Esteban Ocon,Haas F1 Team,14
1257,10014,4,Bahrain Grand Prix,22,TSU,Yuki Tsunoda,Red Bull,10
1257,10014,4,Bahrain Grand Prix,87,BEA,Oliver Bearman,Haas F1 Team,20
1257,10014,4,Bahrain Grand Prix,12,ANT,Andrea Kimi Antonelli,Mercedes,5
1257,10014,4,Bahrain Grand Prix,23,ALB,Alexander Albon,Williams,15
1257,10014,4,Bahrain Grand Prix,6,HAD,Isack Hadjar,RB F1 Team,12
1257,10014,4,Bahrain Grand Prix,7,DOO,Jack Doohan,Alpine F1 Team,11
1257,10014,4,Bahrain Grand Prix,14,ALO,Fernando Alonso,Aston Martin,13
1257,10014,4,Bahrain Grand Prix,30,LAW,Liam Lawson,RB F1 Team,17
1257,10014,4,Bahrain Grand Prix,18,STR,Lance Stroll,Aston Martin,19
1257,10014,4,Bahrain Grand Prix,5,BOR,Gabriel Bortoleto,Sauber,18
1257,10014,4,Bahrain Grand Prix,55,SAI,Carlos Sainz,Williams,8
1257,10014,4,Bahrain Grand Prix,27,HUL,Nico Hülkenberg,Sauber,16
1258,10022,5,Saudi Arabian Grand Prix,81,PIA,Oscar Piastri,McLaren,2
1258,10022,5,Saudi Arabian Grand Prix,1,VER,Max Verstappen,Red Bull,1
1258,10022,5,Saudi Arabian Grand Prix,16,LEC,Charles Leclerc,Ferrari,4
1258,10022,5,Saudi Arabian Grand Prix,4,NOR,Lando Norris,McLaren,10
1258,10022,5,Saudi Arabian Grand Prix,63,RUS,George Russell,Mercedes,3
1258,10022,5,Saudi Arabian Grand Prix,12,ANT,Andrea Kimi Antonelli,Mercedes,5
1258,10022,5,Saudi Arabian Grand Prix,44,HAM,Lewis Hamilton,Ferrari,7
1258,10022,5,Saudi Arabian Grand Prix,55,SAI,Carlos Sainz,Williams,6
1258,10022,5,Saudi Arabian Grand Prix,23,ALB,Alexander Albon,Williams,11
1258,10022,5,Saudi Arabian Grand Prix,6,HAD,Isack Hadjar,RB F1 Team,14
1258,10022,5,Saudi Arabian Grand Prix,14,ALO,Fernando Alonso,Aston Martin,13
1258,10022,5,Saudi Arabian Grand Prix,30,LAW,Liam Lawson,RB F1 Team,12
1258,10022,5,Saudi Arabian Grand Prix,87,BEA,Oliver Bearman,Haas F1 Team,15
1258,10022,5,Saudi Arabian Grand Prix,31,OCO,Esteban Ocon,Haas F1 Team,19
1258,10022,5,Saudi Arabian Grand Prix,27,HUL,Nico Hülkenberg,Sauber,18
1258,10022,5,Saudi Arabian Grand Prix,18,STR,Lance Stroll,Aston Martin,16
1258,10022,5,Saudi Arabian Grand Prix,7,DOO,Jack Doohan,Alpine F1 Team,17
1258,10022,5,Saudi Arabian Grand Prix,5,BOR,Gabriel Bortoleto,Sauber,20
1258,10022,5,Saudi Arabian Grand Prix,22,TSU,Yuki Tsunoda,Red Bull,8
1258,10022,5,Saudi Arabian Grand Prix,10,GAS,Pierre Gasly,Alpine F1 Team,9
1259,10033,6,Miami Grand Prix,81,PIA,Oscar Piastri,McLaren,4
1259,10033,6,Miami Grand Prix,4,NOR,Lando Norris,McLaren,2
1259,10033,6,Miami Grand Prix,63,RUS,George Russell,Mercedes,5
1259,10033,6,Miami Grand Prix,1,VER,Max Verstappen,Red Bull,1
1259,10033,6,Miami Grand Prix,23,ALB,Alexander Albon,Williams,7
1259,10033,6,Miami Grand Prix,12,ANT,Andrea Kimi Antonelli,Mercedes,3
1259,10033,6,Miami Grand Prix,16,LEC,Charles Leclerc,Ferrari,8
1259,10033,6,Miami Grand Prix,44,HAM,Lewis Hamilton,Ferrari,12
1259,10033,6,Miami Grand Prix,55,SAI,Carlos Sainz,Williams,6
1259,10033,6,Miami Grand Prix,22,TSU,Yuki Tsunoda,Red Bull,10
1259,10033,6,Miami Grand Prix,6,HAD,Isack Hadjar,RB F1 Team,11
1259,10033,6,Miami Grand Prix,31,OCO,Esteban Ocon,Haas F1 Team,9
1259,10033,6,Miami Grand Prix,10,GAS,Pierre Gasly,Alpine F1 Team,20
1259,10033,6,Miami Grand Prix,27,HUL,Nico Hülkenberg,Sauber,16
1259,10033,6,Miami Grand Prix,14,ALO,Fernando Alonso,Aston Martin,17
1259,10033,6,Miami Grand Prix,18,STR,Lance Stroll,Aston Martin,18
1259,10033,6,Miami Grand Prix,30,LAW,Liam Lawson,RB F1 Team,15
1259,10033,6,Miami Grand Prix,5,BOR,Gabriel Bortoleto,Sauber,13
1259,10033,6,Miami Grand Prix,87,BEA,Oliver Bearman,Haas F1 Team,19
1259,10033,6,Miami Grand Prix,7,DOO,Jack Doohan,Alpine F1 Team,14
1260,9987,7,Emilia Romagna Grand Prix,1,VER,Max Verstappen,Red Bull,2
1260,9987,7,Emilia Romagna Grand Prix,4,NOR,Lando Norris,McLaren,4
1260,9987,7,Emilia Romagna Grand Prix,81,PIA,Oscar Piastri,McLaren,1
1260,9987,7,Emilia Romagna Grand Prix,44,HAM,Lewis Hamilton,Ferrari,12
1260,9987,7,Emilia Romagna Grand Prix,23,ALB,Alexander Albon,Williams,7
1260,9987,7,Emilia Romagna Grand Prix,16,LEC,Charles Leclerc,Ferrari,11
1260,9987,7,Emilia Romagna Grand Prix,63,RUS,George Russell,Mercedes,3
1260,9987,7,Emilia Romagna Grand Prix,55,SAI,Carlos Sainz,Williams,6
1260,9987,7,Emilia Romagna Grand Prix,6,HAD,Isack Hadjar,RB F1 Team,9
1260,9987,7,Emilia Romagna Grand Prix,22,TSU,Yuki Tsunoda,Red Bull,20
1260,9987,7,Emilia Romagna Grand Prix,14,ALO,Fernando Alonso,Aston Martin,5
1260,9987,7,Emilia Romagna Grand Prix,27,HUL,Nico Hülkenberg,Sauber,17
1260,9987,7,Emilia Romagna Grand Prix,10,GAS,Pierre Gasly,Alpine F1 Team,10
1260,9987,7,Emilia Romagna Grand Prix,30,LAW,Liam Lawson,RB F1 Team,15
1260,9987,7,Emilia Romagna Grand Prix,18,STR,Lance Stroll,Aston Martin,8
1260,9987,7,Emilia Romagna Grand Prix,43,COL,Franco Colapinto,Alpine F1 Team,16
1260,9987,7,Emilia Romagna Grand Prix,87,BEA,Oliver Bearman,Haas F1 Team,19
1260,9987,7,Emilia Romagna Grand Prix,5,BOR,Gabriel Bortoleto,Sauber,14
1260,9987,7,Emilia Romagna Grand Prix,12,ANT,Andrea Kimi Antonelli,Mercedes,13
1260,9987,7,Emilia Romagna Grand Prix,31,OCO,Esteban Ocon,Haas F1 Team,18
1261,9979,8,Monaco Grand Prix,4,NOR,Lando Norris,McLaren,1
1261,9979,8,Monaco Grand Prix,16,LEC,Charles Leclerc,Ferrari,2
1261,9979,8,Monaco Grand Prix,81,PIA,Oscar Piastri,McLaren,3
1261,9979,8,Monaco Grand Prix,1,VER,Max Verstappen,Red Bull,4
1261,9979,8,Monaco Grand Prix,44,HAM,Lewis Hamilton,Ferrari,7
1261,9979,8,Monaco Grand Prix,6,HAD,Isack Hadjar,RB F1 Team,5
1261,9979,8,Monaco Grand Prix,31,OCO,Esteban Ocon,Haas F1 Team,8
1261,9979,8,Monaco Grand Prix,30,LAW,Liam Lawson,RB F1 Team,9
1261,9979,8,Monaco Grand Prix,23,ALB,Alexander Albon,Williams,10
1261,9979,8,Monaco Grand Prix,55,SAI,Carlos Sainz,Williams,11
1261,9979,8,Monaco Grand Prix,63,RUS,George Russell,Mercedes,14
1261,9979,8,Monaco Grand Prix,87,BEA,Oliver Bearman,Haas F1 Team,20
1261,9979,8,Monaco Grand Prix,43,COL,Franco Colapinto,Alpine F1 Team,18
1261,9979,8,Monaco Grand Prix,5,BOR,Gabriel Bortoleto,Sauber,16
1261,9979,8,Monaco Grand Prix,18,STR,Lance Stroll,Aston Martin,19
1261,9979,8,Monaco Grand Prix,27,HUL,Nico Hülkenberg,Sauber,13
1261,9979,8,Monaco Grand Prix,22,TSU,Yuki Tsunoda,Red Bull,12
1261,9979,8,Monaco Grand Prix,12,ANT,Andrea Kimi Antonelli,Mercedes,15
1261,9979,8,Monaco Grand Prix,14,ALO,Fernando Alonso,Aston Martin,6
1261,9979,8,Monaco Grand Prix,10,GAS,Pierre Gasly,Alpine F1 Team,17
1262,9971,9,Spanish Grand Prix,81,PIA,Oscar Piastri,McLaren,1
1262,9971,9,Spanish Grand Prix,4,NOR,Lando Norris,McLaren,2
1262,9971,9,Spanish Grand Prix,16,LEC,Charles Leclerc,Ferrari,7
1262,9971,9,Spanish Grand Prix,63,RUS,George Russell,Mercedes,4
1262,9971,9,Spanish Grand Prix,27,HUL,Nico Hülkenberg,Sauber,15
1262,9971,9,Spanish Grand Prix,44,HAM,Lewis Hamilton,Ferrari,5
1262,9971,9,Spanish Grand Prix,6,HAD,Isack Hadjar,RB F1 Team,9
1262,9971,9,Spanish Grand Prix,10,GAS,Pierre Gasly,Alpine F1 Team,8
1262,9971,9,Spanish Grand Prix,14,ALO,Fernando Alonso,Aston Martin,10
1262,9971,9,Spanish Grand Prix,1,VER,Max Verstappen,Red Bull,3
1262,9971,9,Spanish Grand Prix,30,LAW,Liam Lawson,RB F1 Team,13
1262,9971,9,Spanish Grand Prix,5,BOR,Gabriel Bortoleto,Sauber,12
1262,9971,9,Spanish Grand Prix,22,TSU,Yuki Tsunoda,Red Bull,19
1262,9971,9,Spanish Grand Prix,55,SAI,Carlos Sainz,Williams,17
1262,9971,9,Spanish Grand Prix,43,COL,Franco Colapinto,Alpine F1 Team,18
1262,9971,9,Spanish Grand Prix,31,OCO,Esteban Ocon,Haas F1 Team,16
1262,9971,9,Spanish Grand Prix,87,BEA,Oliver Bearman,Haas F1 Team,14
1262,9971,9,Spanish Grand Prix,12,ANT,Andrea Kimi Antonelli,Mercedes,6
1262,9971,9,Spanish Grand Prix,23,ALB,Alexander Albon,Williams,11
1263,9963,10,Canadian Grand Prix,63,RUS,George Russell,Mercedes,1
1263,9963,10,Canadian Grand Prix,1,VER,Max Verstappen,Red Bull,2
1263,9963,10,Canadian Grand Prix,12,ANT,Andrea Kimi Antonelli,Mercedes,4
1263,9963,10,Canadian Grand Prix,81,PIA,Oscar Piastri,McLaren,3
1263,9963,10,Canadian Grand Prix,16,LEC,Charles Leclerc,Ferrari,8
1263,9963,10,Canadian Grand Prix,44,HAM,Lewis Hamilton,Ferrari,5
1263,9963,10,Canadian Grand Prix,14,ALO,Fernando Alonso,Aston Martin,6
1263,9963,10,Canadian Grand Prix,27,HUL,Nico Hülkenberg,Sauber,11
1263,9963,10,Canadian Grand Prix,31,OCO,Esteban Ocon,Haas F1 Team,14
1263,9963,10,Canadian Grand Prix,55,SAI,Carlos Sainz,Williams,16
1263,9963,10,Canadian Grand Prix,87,BEA,Oliver Bearman,Haas F1 Team,13
1263,9963,10,Canadian Grand Prix,22,TSU,Yuki Tsunoda,Red Bull,18
1263,9963,10,Canadian Grand Prix,43,COL,Franco Colapinto,Alpine F1 Team,10
1263,9963,10,Canadian Grand Prix,5,BOR,Gabriel Bortoleto,Sauber,15
1263,9963,10,Canadian Grand Prix,10,GAS,Pierre Gasly,Alpine F1 Team,20
1263,9963,10,Canadian Grand Prix,6,HAD,Isack Hadjar,RB F1 Team,12
1263,9963,10,Canadian Grand Prix,18,STR,Lance Stroll,Aston Martin,17
1263,9963,10,Canadian Grand Prix,4,NOR,Lando Norris,McLaren,7
1263,9963,10,Canadian Grand Prix,30,LAW,Liam Lawson,RB F1 Team,19
1263,9963,10,Canadian Grand Prix,23,ALB,Alexander Albon,Williams,9
1264,9955,11,Austrian Grand Prix,4,NOR,Lando Norris,McLaren,1
1264,9955,11,Austrian Grand Prix,81,PIA,Oscar Piastri,McLaren,3
1264,9955,11,Austrian Grand Prix,16,LEC,Charles Leclerc,Ferrari,2
1264,9955,11,Austrian Grand Prix,44,HAM,Lewis Hamilton,Ferrari,4
1264,9955,11,Austrian Grand Prix,63,RUS,George Russell,Mercedes,5
1264,9955,11,Austrian Grand Prix,30,LAW,Liam Lawson,RB F1 Team,6
1264,9955,11,Austrian Grand Prix,14,ALO,Fernando Alonso,Aston Martin,11
1264,9955,11,Austrian Grand Prix,5,BOR,Gabriel Bortoleto,Sauber,8
1264,9955,11,Austrian Grand Prix,27,HUL,Nico Hülkenberg,Sauber,20
1264,9955,11,Austrian Grand Prix,31,OCO,Esteban Ocon,Haas F1 Team,17
1264,9955,11,Austrian Grand Prix,87,BEA,Oliver Bearman,Haas F1 Team,15
1264,9955,11,Austrian Grand Prix,6,HAD,Isack Hadjar,RB F1 Team,13
1264,9955,11,Austrian Grand Prix,10,GAS,Pierre Gasly,Alpine F1 Team,10
1264,9955,11,Austrian Grand Prix,18,STR,Lance Stroll,Aston Martin,16
1264,9955,11,Austrian Grand Prix,43,COL,Franco Colapinto,Alpine F1 Team,14
1264,9955,11,Austrian Grand Prix,22,TSU,Yuki Tsunoda,Red Bull,18
1264,9955,11,Austrian Grand Prix,23,ALB,Alexander Albon,Williams,12
1264,9955,11,Austrian Grand Prix,1,VER,Max Verstappen,Red Bull,7
1264,9955,11,Austrian Grand Prix,12,ANT,Andrea Kimi Antonelli,Mercedes,9
1264,9955,11,Austrian Grand Prix,55,SAI,Carlos Sainz,Williams,19
1277,9947,12,British Grand Prix,4,NOR,Lando Norris,McLaren,3
1277,9947,12,British Grand Prix,81,PIA,Oscar Piastri,McLaren,2
1277,9947,12,British Grand Prix,27,HUL,Nico Hülkenberg,Sauber,19
1277,9947,12,British Grand Prix,44,HAM,Lewis Hamilton,Ferrari,5
1277,9947,12,British Grand Prix,1,VER,Max Verstappen,Red Bull,1
1277,9947,12,British Grand Prix,10,GAS,Pierre Gasly,Alpine F1 Team,8
1277,9947,12,British Grand Prix,18,STR,Lance Stroll,Aston Martin,17
1277,9947,12,British Grand Prix,23,ALB,Alexander Albon,Williams,13
1277,9947,12,British Grand Prix,14,ALO,Fernando Alonso,Aston Martin,7
1277,9947,12,British Grand Prix,63,RUS,George Russell,Mercedes,4
1277,9947,12,British Grand Prix,87,BEA,Oliver Bearman,Haas F1 Team,18
1277,9947,12,British Grand Prix,55,SAI,Carlos Sainz,Williams,9
1277,9947,12,British Grand Prix,31,OCO,Esteban Ocon,Haas F1 Team,14
1277,9947,12,British Grand Prix,16,LEC,Charles Leclerc,Ferrari,6
1277,9947,12,British Grand Prix,22,TSU,Yuki Tsunoda,Red Bull,11
1277,9947,12,British Grand Prix,12,ANT,Andrea Kimi Antonelli,Mercedes,10
1277,9947,12,British Grand Prix,6,HAD,Isack Hadjar,RB F1 Team,12
1277,9947,12,British Grand Prix,5,BOR,Gabriel Bortoleto,Sauber,16
1277,9947,12,British Grand Prix,30,LAW,Liam Lawson,RB F1 Team,15
1277,9947,12,British Grand Prix,43,COL,Franco Colapinto,Alpine F1 Team,20
1265,9939,13,Belgian Grand Prix,81,PIA,Oscar Piastri,McLaren,2
1265,9939,13,Belgian Grand Prix,4,NOR,Lando Norris,McLaren,1
1265,9939,13,Belgian Grand Prix,16,LEC,Charles Leclerc,Ferrari,3
1265,9939,13,Belgian Grand Prix,1,VER,Max Verstappen,Red Bull,4
1265,9939,13,Belgian Grand Prix,63,RUS,George Russell,Mercedes,6
1265,9939,13,Belgian Grand Prix,23,ALB,Alexander Albon,Williams,5
1265,9939,13,Belgian Grand Prix,44,HAM,Lewis Hamilton,Ferrari,18
1265,9939,13,Belgian Grand Prix,30,LAW,Liam Lawson,RB F1 Team,9
1265,9939,13,Belgian Grand Prix,5,BOR,Gabriel Bortoleto,Sauber,10
1265,9939,13,Belgian Grand Prix,10,GAS,Pierre Gasly,Alpine F1 Team,13
1265,9939,13,Belgian Grand Prix,87,BEA,Oliver Bearman,Haas F1 Team,12
1265,9939,13,Belgian Grand Prix,27,HUL,Nico Hülkenberg,Sauber,14
1265,9939,13,Belgian Grand Prix,22,TSU,Yuki Tsunoda,Red Bull,7
1265,9939,13,Belgian Grand Prix,18,STR,Lance Stroll,Aston Martin,16
1265,9939,13,Belgian Grand Prix,31,OCO,Esteban Ocon,Haas F1 Team,11
1265,9939,13,Belgian Grand Prix,12,ANT,Andrea Kimi Antonelli,Mercedes,19
1265,9939,13,Belgian Grand Prix,14,ALO,Fernando Alonso,Aston Martin,20
1265,9939,13,Belgian Grand Prix,55,SAI,Carlos Sainz,Williams,17
1265,9939,13,Belgian Grand Prix,43,COL,Franco Colapinto,Alpine F1 Team,15
1265,9939,13,Belgian Grand Prix,6,HAD,Isack Hadjar,RB F1 Team,8
1266,9928,14,Hungarian Grand Prix,4,NOR,Lando Norris,McLaren,3
1266,9928,14,Hungarian Grand Prix,81,PIA,Oscar Piastri,McLaren,2
1266,9928,14,Hungarian Grand Prix,63,RUS,George Russell,Mercedes,4
1266,9928,14,Hungarian Grand Prix,16,LEC,Charles Leclerc,Ferrari,1
1266,9928,14,Hungarian Grand Prix,14,ALO,Fernando Alonso,Aston Martin,5
1266,9928,14,Hungarian Grand Prix,5,BOR,Gabriel Bortoleto,Sauber,7
1266,9928,14,Hungarian Grand Prix,18,STR,Lance Stroll,Aston Martin,6
1266,9928,14,Hungarian Grand Prix,30,LAW,Liam Lawson,RB F1 Team,9
1266,9928,14,Hungarian Grand Prix,1,VER,Max Verstappen,Red Bull,8
1266,9928,14,Hungarian Grand Prix,12,ANT,Andrea Kimi Antonelli,Mercedes,15
1266,9928,14,Hungarian Grand Prix,6,HAD,Isack Hadjar,RB F1 Team,10
1266,9928,14,Hungarian Grand Prix,44,HAM,Lewis Hamilton,Ferrari,12
1266,9928,14,Hungarian Grand Prix,27,HUL,Nico Hülkenberg,Sauber,18
1266,9928,14,Hungarian Grand Prix,55,SAI,Carlos Sainz,Williams,13
1266,9928,14,Hungarian Grand Prix,23,ALB,Alexander Albon,Williams,19
1266,9928,14,Hungarian Grand Prix,31,OCO,Esteban Ocon,Haas F1 Team,17
1266,9928,14,Hungarian Grand Prix,22,TSU,Yuki Tsunoda,Red Bull,20
1266,9928,14,Hungarian Grand Prix,43,COL,Franco Colapinto,Alpine F1 Team,14
1266,9928,14,Hungarian Grand Prix,10,GAS,Pierre Gasly,Alpine F1 Team,16
1266,9928,14,Hungarian Grand Prix,87,BEA,Oliver Bearman,Haas F1 Team,11
1267,9920,15,Dutch Grand Prix,81,PIA,Oscar Piastri,McLaren,1
1267,9920,15,Dutch Grand Prix,1,VER,Max Verstappen,Red Bull,3
1267,9920,15,Dutch Grand Prix,6,HAD,Isack Hadjar,RB F1 Team,4
1267,9920,15,Dutch Grand Prix,63,RUS,George Russell,Mercedes,5
1267,9920,15,Dutch Grand Prix,23,ALB,Alexander Albon,Williams,15
1267,9920,15,Dutch Grand Prix,87,BEA,Oliver Bearman,Haas F1 Team,20
1267,9920,15,Dutch Grand Prix,18,STR,Lance Stroll,Aston Martin,19
1267,9920,15,Dutch Grand Prix,14,ALO,Fernando Alonso,Aston Martin,10
1267,9920,15,Dutch Grand Prix,22,TSU,Yuki Tsunoda,Red Bull,12
1267,9920,15,Dutch Grand Prix,31,OCO,Esteban Ocon,Haas F1 Team,18
1267,9920,15,Dutch Grand Prix,43,COL,Franco Colapinto,Alpine F1 Team,16
1267,9920,15,Dutch Grand Prix,30,LAW,Liam Lawson,RB F1 Team,8
1267,9920,15,Dutch Grand Prix,55,SAI,Carlos Sainz,Williams,9
1267,9920,15,Dutch Grand Prix,27,HUL,Nico Hülkenberg,Sauber,17
1267,9920,15,Dutch Grand Prix,5,BOR,Gabriel Bortoleto,Sauber,13
1267,9920,15,Dutch Grand Prix,12,ANT,Andrea Kimi Antonelli,Mercedes,11
1267,9920,15,Dutch Grand Prix,10,GAS,Pierre Gasly,Alpine F1 Team,14
1267,9920,15,Dutch Grand Prix,4,NOR,Lando Norris,McLaren,2
1267,9920,15,Dutch Grand Prix,16,LEC,Charles Leclerc,Ferrari,6
1267,9920,15,Dutch Grand Prix,44,HAM,Lewis Hamilton,Ferrari,7
1268,9912,16,Italian Grand Prix,1,VER,Max Verstappen,Red Bull,1
1268,9912,16,Italian Grand Prix,4,NOR,Lando Norris,McLaren,2
1268,9912,16,Italian Grand Prix,81,PIA,Oscar Piastri,McLaren,3
1268,9912,16,Italian Grand Prix,16,LEC,Charles Leclerc,Ferrari,4
1268,9912,16,Italian Grand Prix,63,RUS,George Russell,Mercedes,5
1268,9912,16,Italian Grand Prix,44,HAM,Lewis Hamilton,Ferrari,10
1268,9912,16,Italian Grand Prix,23,ALB,Alexander Albon,Williams,14
1268,9912,16,Italian Grand Prix,5,BOR,Gabriel Bortoleto,Sauber,7
1268,9912,16,Italian Grand Prix,12,ANT,Andrea Kimi Antonelli,Mercedes,6
1268,9912,16,Italian Grand Prix,6,HAD,Isack Hadjar,RB F1 Team,19
1268,9912,16,Italian Grand Prix,55,SAI,Carlos Sainz,Williams,13
1268,9912,16,Italian Grand Prix,87,BEA,Oliver Bearman,Haas F1 Team,11
1268,9912,16,Italian Grand Prix,22,TSU,Yuki Tsunoda,Red Bull,9
1268,9912,16,Italian Grand Prix,30,LAW,Liam Lawson,RB F1 Team,18
1268,9912,16,Italian Grand Prix,31,OCO,Esteban Ocon,Haas F1 Team,15
1268,9912,16,Italian Grand Prix,10,GAS,Pierre Gasly,Alpine F1 Team,20
1268,9912,16,Italian Grand Prix,43,COL,Franco Colapinto,Alpine F1 Team,17
1268,9912,16,Italian Grand Prix,18,STR,Lance Stroll,Aston Martin,16
1268,9912,16,Italian Grand Prix,14,ALO,Fernando Alonso,Aston Martin,8
1268,9912,16,Italian Grand Prix,27,HUL,Nico Hülkenberg,Sauber,12
1269,9904,17,Azerbaijan Grand Prix,1,VER,Max Verstappen,Red Bull,1
1269,9904,17,Azerbaijan Grand Prix,63,RUS,George Russell,Mercedes,5
1269,9904,17,Azerbaijan Grand Prix,55,SAI,Carlos Sainz,Williams,2
1269,9904,17,Azerbaijan Grand Prix,12,ANT,Andrea Kimi Antonelli,Mercedes,4
1269,9904,17,Azerbaijan Grand Prix,30,LAW,Liam Lawson,RB F1 Team,3
1269,9904,17,Azerbaijan Grand Prix,22,TSU,Yuki Tsunoda,Red Bull,6
1269,9904,17,Azerbaijan Grand Prix,4,NOR,Lando Norris,McLaren,7
1269,9904,17,Azerbaijan Grand Prix,44,HAM,Lewis Hamilton,Ferrari,12
1269,9904,17,Azerbaijan Grand Prix,16,LEC,Charles Leclerc,Ferrari,10
1269,9904,17,Azerbaijan Grand Prix,6,HAD,Isack Hadjar,RB F1 Team,8
1269,9904,17,Azerbaijan Grand Prix,5,BOR,Gabriel Bortoleto,Sauber,13
1269,9904,17,Azerbaijan Grand Prix,87,BEA,Oliver Bearman,Haas F1 Team,15
1269,9904,17,Azerbaijan Grand Prix,23,ALB,Alexander Albon,Williams,19
1269,9904,17,Azerbaijan Grand Prix,31,OCO,Esteban Ocon,Haas F1 Team,20
1269,9904,17,Azerbaijan Grand Prix,14,ALO,Fernando Alonso,Aston Martin,11
1269,9904,17,Azerbaijan Grand Prix,27,HUL,Nico Hülkenberg,Sauber,17
1269,9904,17,Azerbaijan Grand Prix,18,STR,Lance Stroll,Aston Martin,14
1269,9904,17,Azerbaijan Grand Prix,10,GAS,Pierre Gasly,Alpine F1 Team,18
1269,9904,17,Azerbaijan Grand Prix,43,COL,Franco Colapinto,Alpine F1 Team,16
1269,9904,17,Azerbaijan Grand Prix,81,PIA,Oscar Piastri,McLaren,9
1270,9896,18,Singapore Grand Prix,63,RUS,George Russell,Mercedes,1
1270,9896,18,Singapore Grand Prix,1,VER,Max Verstappen,Red Bull,2
1270,9896,18,Singapore Grand Prix,4,NOR,Lando Norris,McLaren,5
1270,9896,18,Singapore Grand Prix,81,PIA,Oscar Piastri,McLaren,3
1270,9896,18,Singapore Grand Prix,12,ANT,Andrea Kimi Antonelli,Mercedes,4
1270,9896,18,Singapore Grand Prix,16,LEC,Charles Leclerc,Ferrari,7
1270,9896,18,Singapore Grand Prix,14,ALO,Fernando Alonso,Aston Martin,10
1270,9896,18,Singapore Grand Prix,44,HAM,Lewis Hamilton,Ferrari,6
1270,9896,18,Singapore Grand Prix,87,BEA,Oliver Bearman,Haas F1 Team,9
1270,9896,18,Singapore Grand Prix,55,SAI,Carlos Sainz,Williams,18
1270,9896,18,Singapore Grand Prix,6,HAD,Isack Hadjar,RB F1 Team,8
1270,9896,18,Singapore Grand Prix,22,TSU,Yuki Tsunoda,Red Bull,13
1270,9896,18,Singapore Grand Prix,18,STR,Lance Stroll,Aston Martin,15
1270,9896,18,Singapore Grand Prix,23,ALB,Alexander Albon,Williams,20
1270,9896,18,Singapore Grand Prix,30,LAW,Liam Lawson,RB F1 Team,12
1270,9896,18,Singapore Grand Prix,43,COL,Franco Colapinto,Alpine F1 Team,16
1270,9896,18,Singapore Grand Prix,5,BOR,Gabriel Bortoleto,Sauber,14
1270,9896,18,Singapore Grand Prix,31,OCO,Esteban Ocon,Haas F1 Team,17
1270,9896,18,Singapore Grand Prix,10,GAS,Pierre Gasly,Alpine F1 Team,19
1270,9896,18,Singapore Grand Prix,27,HUL,Nico Hülkenberg,Sauber,11
1271,9888,19,United States Grand Prix,1,VER,Max Verstappen,Red Bull,1
1271,9888,19,United States Grand Prix,4,NOR,Lando Norris,McLaren,2
1271,9888,19,United States Grand Prix,16,LEC,Charles Leclerc,Ferrari,3
1271,9888,19,United States Grand Prix,44,HAM,Lewis Hamilton,Ferrari,5
1271,9888,19,United States Grand Prix,81,PIA,Oscar Piastri,McLaren,6
1271,9888,19,United States Grand Prix,63,RUS,George Russell,Mercedes,4
1271,9888,19,United States Grand Prix,22,TSU,Yuki Tsunoda,Red Bull,13
1271,9888,19,United States Grand Prix,27,HUL,Nico Hülkenberg,Sauber,11
1271,9888,19,United States Grand Prix,87,BEA,Oliver Bearman,Haas F1 Team,8
1271,9888,19,United States Grand Prix,14,ALO,Fernando Alonso,Aston Martin,10
1271,9888,19,United States Grand Prix,30,LAW,Liam Lawson,RB F1 Team,12
1271,9888,19,United States Grand Prix,18,STR,Lance Stroll,Aston Martin,19
1271,9888,19,United States Grand Prix,12,ANT,Andrea Kimi Antonelli,Mercedes,7
1271,9888,19,United States Grand Prix,23,ALB,Alexander Albon,Williams,18
1271,9888,19,United States Grand Prix,31,OCO,Esteban Ocon,Haas F1 Team,17
1271,9888,19,United States Grand Prix,6,HAD,Isack Hadjar,RB F1 Team,20
1271,9888,19,United States Grand Prix,43,COL,Franco Colapinto,Alpine F1 Team,15
1271,9888,19,United States Grand Prix,5,BOR,Gabriel Bortoleto,Sauber,16
1271,9888,19,United States Grand Prix,10,GAS,Pierre Gasly,Alpine F1 Team,14
1271,9888,19,United States Grand Prix,55,SAI,Carlos Sainz,Williams,9
1272,9877,20,Mexico City Grand Prix,4,NOR,Lando Norris,McLaren,1
1272,9877,20,Mexico City Grand Prix,16,LEC,Charles Leclerc,Ferrari,2
1272,9877,20,Mexico City Grand Prix,1,VER,Max Verstappen,Red Bull,5
1272,9877,20,Mexico City Grand Prix,87,BEA,Oliver Bearman,Haas F1 Team,9
1272,9877,20,Mexico City Grand Prix,81,PIA,Oscar Piastri,McLaren,7
1272,9877,20,Mexico City Grand Prix,12,ANT,Andrea Kimi Antonelli,Mercedes,6
1272,9877,20,Mexico City Grand Prix,63,RUS,George Russell,Mercedes,4
1272,9877,20,Mexico City Grand Prix,44,HAM,Lewis Hamilton,Ferrari,3
1272,9877,20,Mexico City Grand Prix,31,OCO,Esteban Ocon,Haas F1 Team,11
1272,9877,20,Mexico City Grand Prix,5,BOR,Gabriel Bortoleto,Sauber,16
1272,9877,20,Mexico City Grand Prix,22,TSU,Yuki Tsunoda,Red Bull,10
1272,9877,20,Mexico City Grand Prix,23,ALB,Alexander Albon,Williams,17
1272,9877,20,Mexico City Grand Prix,6,HAD,Isack Hadjar,RB F1 Team,8
1272,9877,20,Mexico City Grand Prix,18,STR,Lance Stroll,Aston Martin,19
1272,9877,20,Mexico City Grand Prix,10,GAS,Pierre Gasly,Alpine F1 Team,18
1272,9877,20,Mexico City Grand Prix,43,COL,Franco Colapinto,Alpine F1 Team,20
1272,9877,20,Mexico City Grand Prix,55,SAI,Carlos Sainz,Williams,12
1272,9877,20,Mexico City Grand Prix,14,ALO,Fernando Alonso,Aston Martin,14
1272,9877,20,Mexico City Grand Prix,27,HUL,Nico Hülkenberg,Sauber,13
1272,9877,20,Mexico City Grand Prix,30,LAW,Liam Lawson,RB F1 Team,15
1273,9869,21,São Paulo Grand Prix,4,NOR,Lando Norris,McLaren,1
1273,9869,21,São Paulo Grand Prix,12,ANT,Andrea Kimi Antonelli,Mercedes,2
1273,9869,21,São Paulo Grand Prix,1,VER,Max Verstappen,Red Bull,19
1273,9869,21,São Paulo Grand Prix,63,RUS,George Russell,Mercedes,6
1273,9869,21,São Paulo Grand Prix,81,PIA,Oscar Piastri,McLaren,4
1273,9869,21,São Paulo Grand Prix,87,BEA,Oliver Bearman,Haas F1 Team,8
1273,9869,21,São Paulo Grand Prix,30,LAW,Liam Lawson,RB F1 Team,7
1273,9869,21,São Paulo Grand Prix,6,HAD,Isack Hadjar,RB F1 Team,5
1273,9869,21,São Paulo Grand Prix,27,HUL,Nico Hülkenberg,Sauber,10
1273,9869,21,São Paulo Grand Prix,10,GAS,Pierre Gasly,Alpine F1 Team,9
1273,9869,21,São Paulo Grand Prix,23,ALB,Alexander Albon,Williams,12
1273,9869,21,São Paulo Grand Prix,31,OCO,Esteban Ocon,Haas F1 Team,20
1273,9869,21,São Paulo Grand Prix,55,SAI,Carlos Sainz,Williams,15
1273,9869,21,São Paulo Grand Prix,14,ALO,Fernando Alonso,Aston Martin,11
1273,9869,21,São Paulo Grand Prix,43,COL,Franco Colapinto,Alpine F1 Team,16
1273,9869,21,São Paulo Grand Prix,18,STR,Lance Stroll,Aston Martin,14
1273,9869,21,São Paulo Grand Prix,22,TSU,Yuki Tsunoda,Red Bull,17
1273,9869,21,São Paulo Grand Prix,44,HAM,Lewis Hamilton,Ferrari,13
1273,9869,21,São Paulo Grand Prix,16,LEC,Charles Leclerc,Ferrari,3
1273,9869,21,São Paulo Grand Prix,5,BOR,Gabriel Bortoleto,Sauber,18
1274,9858,22,Las Vegas Grand Prix,1,VER,Max Verstappen,Red Bull,2
1274,9858,22,Las Vegas Grand Prix,63,RUS,George Russell,Mercedes,4
1274,9858,22,Las Vegas Grand Prix,12,ANT,Andrea Kimi Antonelli,Mercedes,17
1274,9858,22,Las Vegas Grand Prix,16,LEC,Charles Leclerc,Ferrari,9
1274,9858,22,Las Vegas Grand Prix,55,SAI,Carlos Sainz,Williams,3
1274,9858,22,Las Vegas Grand Prix,6,HAD,Isack Hadjar,RB F1 Team,8
1274,9858,22,Las Vegas Grand Prix,27,HUL,Nico Hülkenberg,Sauber,11
1274,9858,22,Las Vegas Grand Prix,44,HAM,Lewis Hamilton,Ferrari,19
1274,9858,22,Las Vegas Grand Prix,31,OCO,Esteban Ocon,Haas F1 Team,13
1274,9858,22,Las Vegas Grand Prix,87,BEA,Oliver Bearman,Haas F1 Team,14
1274,9858,22,Las Vegas Grand Prix,14,ALO,Fernando Alonso,Aston Martin,7
1274,9858,22,Las Vegas Grand Prix,22,TSU,Yuki Tsunoda,Red Bull,20
1274,9858,22,Las Vegas Grand Prix,10,GAS,Pierre Gasly,Alpine F1 Team,10
1274,9858,22,Las Vegas Grand Prix,30,LAW,Liam Lawson,RB F1 Team,6
1274,9858,22,Las Vegas Grand Prix,43,COL,Franco Colapinto,Alpine F1 Team,15
1274,9858,22,Las Vegas Grand Prix,23,ALB,Alexander Albon,Williams,16
1274,9858,22,Las Vegas Grand Prix,5,BOR,Gabriel Bortoleto,Sauber,18
1274,9858,22,Las Vegas Grand Prix,18,STR,Lance Stroll,Aston Martin,12
1274,9858,22,Las Vegas Grand Prix,4,NOR,Lando Norris,McLaren,1
1274,9858,22,Las Vegas Grand Prix,81,PIA,Oscar Piastri,McLaren,5
1275,9850,23,Qatar Grand Prix,1,VER,Max Verstappen,Red Bull,3
1275,9850,23,Qatar Grand Prix,81,PIA,Oscar Piastri,McLaren,1
1275,9850,23,Qatar Grand Prix,55,SAI,Carlos Sainz,Williams,7
1275,9850,23,Qatar Grand Prix,4,NOR,Lando Norris,McLaren,2
1275,9850,23,Qatar Grand Prix,12,ANT,Andrea Kimi Antonelli,Mercedes,5
1275,9850,23,Qatar Grand Prix,63,RUS,George Russell,Mercedes,4
1275,9850,23,Qatar Grand Prix,14,ALO,Fernando Alonso,Aston Martin,8
1275,9850,23,Qatar Grand Prix,16,LEC,Charles Leclerc,Ferrari,10
1275,9850,23,Qatar Grand Prix,30,LAW,Liam Lawson,RB F1 Team,12
1275,9850,23,Qatar Grand Prix,22,TSU,Yuki Tsunoda,Red Bull,15
1275,9850,23,Qatar Grand Prix,23,ALB,Alexander Albon,Williams,14
1275,9850,23,Qatar Grand Prix,44,HAM,Lewis Hamilton,Ferrari,17
1275,9850,23,Qatar Grand Prix,5,BOR,Gabriel Bortoleto,Sauber,19
1275,9850,23,Qatar Grand Prix,43,COL,Franco Colapinto,Alpine F1 Team,20
1275,9850,23,Qatar Grand Prix,31,OCO,Esteban Ocon,Haas F1 Team,16
1275,9850,23,Qatar Grand Prix,10,GAS,Pierre Gasly,Alpine F1 Team,9
1275,9850,23,Qatar Grand Prix,18,STR,Lance Stroll,Aston Martin,18
1275,9850,23,Qatar Grand Prix,6,HAD,Isack Hadjar,RB F1 Team,6
1275,9850,23,Qatar Grand Prix,87,BEA,Oliver Bearman,Haas F1 Team,13
1275,9850,23,Qatar Grand Prix,27,HUL,Nico Hülkenberg,Sauber,11
1276,9839,24,Abu Dhabi Grand Prix,1,VER,Max Verstappen,Red Bull,1
1276,9839,24,Abu Dhabi Grand Prix,81,PIA,Oscar Piastri,McLaren,3
1276,9839,24,Abu Dhabi Grand Prix,4,NOR,Lando Norris,McLaren,2
1276,9839,24,Abu Dhabi Grand Prix,16,LEC,Charles Leclerc,Ferrari,5
1276,9839,24,Abu Dhabi Grand Prix,63,RUS,George Russell,Mercedes,4
1276,9839,24,Abu Dhabi Grand Prix,14,ALO,Fernando Alonso,Aston Martin,6
1276,9839,24,Abu Dhabi Grand Prix,31,OCO,Esteban Ocon,Haas F1 Team,8
1276,9839,24,Abu Dhabi Grand Prix,44,HAM,Lewis Hamilton,Ferrari,16
1276,9839,24,Abu Dhabi Grand Prix,27,HUL,Nico Hülkenberg,Sauber,18
1276,9839,24,Abu Dhabi Grand Prix,18,STR,Lance Stroll,Aston Martin,15
1276,9839,24,Abu Dhabi Grand Prix,5,BOR,Gabriel Bortoleto,Sauber,7
1276,9839,24,Abu Dhabi Grand Prix,87,BEA,Oliver Bearman,Haas F1 Team,11
1276,9839,24,Abu Dhabi Grand Prix,55,SAI,Carlos Sainz,Williams,12
1276,9839,24,Abu Dhabi Grand Prix,22,TSU,Yuki Tsunoda,Red Bull,10
1276,9839,24,Abu Dhabi Grand Prix,12,ANT,Andrea Kimi Antonelli,Mercedes,14
1276,9839,24,Abu Dhabi Grand Prix,23,ALB,Alexander Albon,Williams,17
1276,9839,24,Abu Dhabi Grand Prix,6,HAD,Isack Hadjar,RB F1 Team,9
1276,9839,24,Abu Dhabi Grand Prix,30,LAW,Liam Lawson,RB F1 Team,13
1276,9839,24,Abu Dhabi Grand Prix,10,GAS,Pierre Gasly,Alpine F1 Team,19
1276,9839,24,Abu Dhabi Grand Prix,43,COL,Franco Colapinto,Alpine F1 Team,20
